dateBuyOrderPlaced,ticker,dateBuyOrderFilled,dateSellOrderPlaced,dateSellOrderFilled,units,buyOrderPrice,purchasePrice,sellOrderPrice,sellPrice,NetChange
1982-01-05,WMT,1982-01-05 00:00:00,1982-02-16 00:00:00,1982-02-16 00:00:00,61479.0,0.244,0.244,0.244,0.244,0.0
1982-01-05,LMT,1982-01-05 00:00:00,1982-02-16 00:00:00,1982-02-16 00:00:00,4272.0,3.511,3.459,3.899,3.899,1879.6799999999998
1982-02-17,WMT,1982-02-17 00:00:00,1982-03-30 00:00:00,1982-03-30 00:00:00,62500.0,0.24,0.244,0.252,0.252,500.00000000000045
1982-02-17,LMT,1982-02-17 00:00:00,1982-03-30 00:00:00,1982-03-30 00:00:00,3851.0,3.895,3.937,3.563,3.563,-1440.2739999999988
1982-03-31,WMT,1982-03-31 00:00:00,1982-05-12 00:00:00,1982-05-12 00:00:00,58594.0,0.256,0.26,0.301,0.293,1933.6019999999985
1982-03-31,LMT,1982-03-31 00:00:00,1982-05-12 00:00:00,1982-05-12 00:00:00,4190.0,3.58,3.593,4.049,4.041,1877.1200000000017
1982-05-13,WMT,1982-05-13 00:00:00,1982-06-24 00:00:00,1982-06-24 00:00:00,50847.0,0.295,0.293,0.285,0.293,0.0
1982-05-13,LMT,1982-05-13 00:00:00,1982-06-24 00:00:00,1982-06-24 00:00:00,3782.0,3.966,3.907,3.929,3.929,83.20399999999924
1982-06-25,WMT,1982-06-25 00:00:00,1982-08-06 00:00:00,1982-08-06 00:00:00,50505.0,0.297,0.301,0.285,0.293,-404.04000000000036
1982-06-25,LMT,1982-06-25 00:00:00,1982-08-06 00:00:00,1982-08-06 00:00:00,3827.0,3.92,3.914,4.235,4.235,1228.4670000000006
1982-08-09,WMT,1982-08-09 00:00:00,1982-09-20 00:00:00,1982-09-20 00:00:00,50847.0,0.295,0.293,0.399,0.399,5389.782000000002
1982-08-09,LMT,1982-08-09 00:00:00,1982-09-20 00:00:00,1982-09-20 00:00:00,3592.0,4.176,4.116,5.274,5.274,4159.536000000001
1982-09-21,WMT,1982-09-21 00:00:00,1982-11-01 00:00:00,1982-11-01 00:00:00,38071.0,0.394,0.39,0.455,0.455,2474.6150000000002
1982-09-21,LMT,1982-09-21 00:00:00,1982-11-01 00:00:00,1982-11-01 00:00:00,2853.0,5.257,5.274,5.842,5.842,1620.503999999999
1982-11-02,WMT,1982-11-02 00:00:00,1982-12-14 00:00:00,1982-12-14 00:00:00,32967.0,0.455,0.464,0.553,0.569,3461.5349999999976
1982-11-02,LMT,1982-11-02 00:00:00,1982-12-14 00:00:00,1982-12-14 00:00:00,2580.0,5.815,5.842,5.767,5.767,-193.49999999999818
1982-12-15,WMT,1982-12-15 00:00:00,1983-01-26 00:00:00,1983-01-26 00:00:00,26738.0,0.561,0.545,0.537,0.537,-213.9040000000002
1982-12-15,IBM,1982-12-15 00:00:00,1983-01-26 00:00:00,1983-01-26 00:00:00,842.0,17.82,17.355,18.433,18.341,830.2120000000006
1983-01-27,WMT,1983-01-27 00:00:00,1983-03-10 00:00:00,1983-03-10 00:00:00,27829.0,0.539,0.553,0.618,0.61,1586.2529999999983
1983-01-27,LMT,1983-01-27 00:00:00,1983-03-10 00:00:00,1983-03-10 00:00:00,2305.0,6.508,6.559,7.403,7.433,2014.5699999999993
1983-03-11,WMT,1983-03-11 00:00:00,1983-04-22 00:00:00,1983-04-22 00:00:00,24510.0,0.612,0.601,0.707,0.707,2598.0599999999995
1983-03-11,LMT,1983-03-11 00:00:00,1983-04-22 00:00:00,1983-04-22 00:00:00,2003.0,7.487,7.492,8.912,8.918,2856.2779999999984
1983-04-25,WMT,1983-04-25 00:00:00,1983-06-06 00:00:00,1983-06-06 00:00:00,21127.0,0.71,0.716,0.837,0.837,2556.3669999999997
1983-04-25,LMT,1983-04-25 00:00:00,1983-06-06 00:00:00,1983-06-06 00:00:00,1640.0,9.144,9.367,8.896,8.896,-772.4400000000002
1983-06-07,WMT,1983-06-07 00:00:00,1983-07-19 00:00:00,1983-07-19 00:00:00,17483.0,0.858,0.878,0.96,0.984,1853.1979999999996
1983-06-07,BA,1983-06-07 00:00:00,1983-07-19 00:00:00,1983-07-19 00:00:00,2950.0,5.084,5.129,5.137,5.137,23.600000000000023
1983-07-20,WMT,1983-07-20 00:00:00,1983-08-30 00:00:00,1983-08-30 00:00:00,15121.0,0.992,1.0,0.886,0.894,-1602.8259999999998
1983-07-20,BA,1983-07-20 00:00:00,1983-08-30 00:00:00,1983-08-30 00:00:00,2925.0,5.129,5.17,4.3,4.332,-2451.15
1983-08-31,WMT,1983-08-31 00:00:00,1983-10-12 00:00:00,1983-10-12 00:00:00,16538.0,0.907,0.903,1.008,1.0,1604.1859999999997
1983-08-31,INTC,1983-08-31 00:00:00,1983-10-12 00:00:00,1983-10-12 00:00:00,24272.0,0.618,0.621,0.691,0.691,1699.0399999999988
1983-10-13,INTC,1983-10-13 00:00:00,1983-11-23 00:00:00,1983-11-23 00:00:00,22157.0,0.677,0.667,0.683,0.683,354.51200000000034
1983-10-13,HD,1983-10-13 00:00:00,1983-11-23 00:00:00,1983-11-23 00:00:00,29412.0,0.51,0.5,0.426,0.434,-1941.192
1983-11-25,INTC,1983-11-25 00:00:00,1984-01-09 00:00:00,1984-01-09 00:00:00,22222.0,0.675,0.675,0.683,0.683,177.77600000000015
1983-11-25,HD,1983-11-25 00:00:00,1984-01-09 00:00:00,1984-01-09 00:00:00,33937.0,0.438,0.442,0.459,0.459,576.9290000000005
1984-01-10,INTC,1984-01-10 00:00:00,1984-02-21 00:00:00,1984-02-21 00:00:00,21834.0,0.687,0.683,0.514,0.514,-3689.946000000001
1984-01-10,HD,1984-01-10 00:00:00,1984-02-21 00:00:00,1984-02-21 00:00:00,32823.0,0.457,0.459,0.327,0.327,-4332.636
1984-02-22,INTC,1984-02-22 00:00:00,1984-04-03 00:00:00,1984-04-03 00:00:00,28846.0,0.52,0.522,0.552,0.552,865.3800000000008
1984-02-22,C,1984-02-22 00:00:00,1984-04-03 00:00:00,1984-04-03 00:00:00,837.0,17.916,17.66,17.378,17.285,-313.875
1984-04-04,INTC,1984-04-04 00:00:00,1984-05-16 00:00:00,1984-05-16 00:00:00,27726.0,0.541,0.529,0.545,0.545,443.6160000000004
1984-04-04,C,1984-04-04 00:00:00,1984-05-16 00:00:00,1984-05-16 00:00:00,868.0,17.286,17.195,16.544,16.636,-485.2120000000009
1984-05-17,INTC,1984-05-17 00:00:00,1984-06-28 00:00:00,1984-06-28 00:00:00,27624.0,0.543,0.537,0.468,0.468,-1906.0560000000003
1984-05-17,XOM,1984-05-17 00:00:00,1984-06-28 00:00:00,1984-06-28 00:00:00,3914.0,3.832,3.843,3.573,3.58,-1029.3819999999996
1984-06-29,MO,1984-06-29 00:00:00,1984-08-10 00:00:00,1984-08-10 00:00:00,70423.0,0.213,0.21,0.236,0.236,1830.9979999999996
1984-06-29,PEP,1984-06-29 00:00:00,1984-08-10 00:00:00,1984-08-10 00:00:00,8537.0,1.757,1.76,1.799,1.853,793.9409999999998
1984-08-13,BMY,1984-08-13 00:00:00,1984-09-24 00:00:00,1984-09-24 00:00:00,5887.0,2.548,2.507,2.438,2.431,-447.4120000000004
1984-08-13,MCD,1984-08-13 00:00:00,1984-09-24 00:00:00,1984-09-24 00:00:00,6682.0,2.245,2.222,2.152,2.144,-521.195999999999
1984-09-25,BA,1984-09-25 00:00:00,1984-11-05 00:00:00,1984-11-05 00:00:00,2319.0,6.468,6.405,6.933,6.884,1110.8010000000002
1984-09-25,PEP,1984-09-25 00:00:00,1984-11-05 00:00:00,1984-11-05 00:00:00,8408.0,1.784,1.776,1.83,1.838,521.2960000000005
1984-11-06,BA,1984-11-06 00:00:00,1984-12-18 00:00:00,1984-12-18 00:00:00,2187.0,6.86,6.828,6.348,6.462,-800.4420000000011
1984-11-06,MO,1984-11-06 00:00:00,1984-12-18 00:00:00,1984-12-18 00:00:00,58824.0,0.255,0.255,0.249,0.249,-352.9440000000003
1984-12-19,JPM,1984-12-19 00:00:00,1985-01-31 00:00:00,1985-01-31 00:00:00,3502.0,4.283,4.277,4.596,4.547,945.5399999999985
1984-12-19,DIS,1984-12-19 00:00:00,1985-01-31 00:00:00,1985-01-31 00:00:00,15182.0,0.988,1.001,1.214,1.214,3233.766000000001
1985-02-01,BA,1985-02-01 00:00:00,1985-03-15 00:00:00,1985-03-15 00:00:00,2053.0,7.305,7.299,7.34,7.34,84.17299999999894
1985-02-01,DIS,1985-02-01 00:00:00,1985-03-15 00:00:00,1985-03-15 00:00:00,12245.0,1.225,1.222,1.267,1.267,551.0249999999992
1985-03-18,LMT,1985-03-18 00:00:00,1985-04-29 00:00:00,1985-04-29 00:00:00,1387.0,10.818,10.837,10.897,10.636,-278.7870000000007
1985-03-18,BA,1985-03-18 00:00:00,1985-04-29 00:00:00,1985-04-29 00:00:00,2056.0,7.297,7.258,7.299,7.267,18.5040000000007
1985-04-30,BA,1985-04-30 00:00:00,1985-06-11 00:00:00,1985-06-11 00:00:00,2082.0,7.206,7.169,7.95,7.933,1590.6480000000006
1985-04-30,MO,1985-04-30 00:00:00,1985-06-11 00:00:00,1985-06-11 00:00:00,51195.0,0.293,0.281,0.288,0.288,358.36499999999745
1985-06-12,BA,1985-06-12 00:00:00,1985-07-24 00:00:00,1985-07-24 00:00:00,1895.0,7.915,7.95,8.592,8.502,1046.0400000000009
1985-06-12,JPM,1985-06-12 00:00:00,1985-07-24 00:00:00,1985-07-24 00:00:00,2934.0,5.113,5.137,5.28,5.264,372.618000000002
1985-07-25,JPM,1985-07-25 00:00:00,1985-09-05 00:00:00,1985-09-05 00:00:00,2875.0,5.217,5.169,4.993,5.01,-457.12499999999943
1985-07-25,PFE,1985-07-25 00:00:00,1985-09-05 00:00:00,1985-09-05 00:00:00,14058.0,1.067,1.052,0.993,1.0,-731.0160000000006
1985-09-06,JPM,1985-09-06 00:00:00,1985-10-18 00:00:00,1985-10-18 00:00:00,2996.0,5.006,4.993,5.042,5.042,146.80399999999847
1985-09-06,DIS,1985-09-06 00:00:00,1985-10-18 00:00:00,1985-10-18 00:00:00,10281.0,1.459,1.462,1.506,1.506,452.3640000000004
1985-10-21,DIS,1985-10-21 00:00:00,1985-12-02 00:00:00,1985-12-02 00:00:00,9960.0,1.506,1.497,1.656,1.648,1503.959999999998
1985-10-21,LLY,1985-10-21 00:00:00,1985-12-02 00:00:00,1985-12-02 00:00:00,3613.0,4.152,4.164,4.8,4.793,2272.5770000000016
1985-12-03,DIS,1985-12-03 00:00:00,1986-01-15 00:00:00,1986-01-15 00:00:00,9163.0,1.637,1.63,2.055,2.073,4059.2090000000007
1985-12-03,MDT,1985-12-03 00:00:00,1986-01-15 00:00:00,1986-01-15 00:00:00,30550.0,0.491,0.491,0.515,0.515,733.2000000000006
1986-01-16,DIS,1986-01-16 00:00:00,1986-02-27 00:00:00,1986-02-27 00:00:00,7306.0,2.053,2.046,2.206,2.206,1168.960000000001
1986-01-16,MDT,1986-01-16 00:00:00,1986-02-27 00:00:00,1986-02-27 00:00:00,29240.0,0.513,0.515,0.64,0.64,3655.0
1986-02-28,MDT,1986-02-28 00:00:00,1986-04-11 00:00:00,1986-04-11 00:00:00,23585.0,0.636,0.632,0.74,0.74,2547.18
1986-02-28,DD,1986-02-28 00:00:00,1986-04-11 00:00:00,1986-04-11 00:00:00,2457.0,6.104,6.207,6.348,6.381,427.51800000000094
1986-04-14,DIS,1986-04-14 00:00:00,1986-05-23 00:00:00,1986-05-23 00:00:00,5480.0,2.737,2.746,3.083,3.109,1989.24
1986-04-14,MDT,1986-04-14 00:00:00,1986-05-23 00:00:00,1986-05-23 00:00:00,20270.0,0.74,0.74,0.79,0.79,1013.5000000000009
1986-05-27,DIS,1986-05-27 00:00:00,1986-07-08 00:00:00,1986-07-08 00:00:00,4808.0,3.12,3.136,3.357,3.278,682.7359999999995
1986-05-27,MDT,1986-05-27 00:00:00,1986-07-08 00:00:00,1986-07-08 00:00:00,19036.0,0.788,0.79,0.898,0.889,1884.5639999999996
1986-07-09,DIS,1986-07-09 00:00:00,1986-08-19 00:00:00,1986-08-19 00:00:00,4601.0,3.26,3.322,3.083,3.1,-1021.4219999999999
1986-07-09,MDT,1986-07-09 00:00:00,1986-08-19 00:00:00,1986-08-19 00:00:00,17361.0,0.864,0.856,0.998,0.998,2465.262
1986-08-20,DIS,1986-08-20 00:00:00,1986-10-01 00:00:00,1986-10-01 00:00:00,4894.0,3.065,3.056,2.667,2.684,-1820.5679999999995
1986-08-20,MDT,1986-08-20 00:00:00,1986-10-01 00:00:00,1986-10-01 00:00:00,14970.0,1.002,0.998,0.898,0.898,-1496.9999999999998
1986-10-02,AMGN,1986-10-02 00:00:00,1986-11-12 00:00:00,1986-11-12 00:00:00,48860.0,0.307,0.313,0.396,0.396,4055.380000000001
1986-10-02,AAPL,1986-10-02 00:00:00,1986-11-12 00:00:00,1986-11-12 00:00:00,28517.0,0.526,0.525,0.551,0.556,884.0270000000008
1986-11-13,MDT,1986-11-13 00:00:00,1986-12-26 00:00:00,1986-12-26 00:00:00,14970.0,1.002,1.006,0.906,0.914,-1377.2399999999996
1986-11-13,AMGN,1986-11-13 00:00:00,1986-12-26 00:00:00,1986-12-26 00:00:00,37688.0,0.398,0.396,0.396,0.396,0.0
1986-12-29,MDT,1986-12-29 00:00:00,1987-02-09 00:00:00,1987-02-09 00:00:00,16484.0,0.91,0.898,0.923,0.923,412.10000000000036
1986-12-29,AAPL,1986-12-29 00:00:00,1987-02-09 00:00:00,1987-02-09 00:00:00,23292.0,0.644,0.637,0.839,0.822,4309.019999999999
1987-02-10,AMGN,1987-02-10 00:00:00,1987-03-24 00:00:00,1987-03-24 00:00:00,28304.0,0.522,0.544,0.701,0.701,4443.727999999997
1987-02-10,AAPL,1987-02-10 00:00:00,1987-03-24 00:00:00,1987-03-24 00:00:00,18293.0,0.82,0.815,1.048,1.053,4353.7339999999995
1987-03-25,AMGN,1987-03-25 00:00:00,1987-05-06 00:00:00,1987-05-06 00:00:00,21277.0,0.705,0.709,0.709,0.701,-170.21600000000015
1987-03-25,AAPL,1987-03-25 00:00:00,1987-05-06 00:00:00,1987-05-06 00:00:00,14368.0,1.044,1.034,1.248,1.252,3132.2239999999997
1987-05-07,AAPL,1987-05-07 00:00:00,1987-06-18 00:00:00,1987-06-18 00:00:00,11990.0,1.251,1.239,1.26,1.253,167.85999999999748
1987-05-07,MRK,1987-05-07 00:00:00,1987-06-18 00:00:00,1987-06-18 00:00:00,3192.0,4.699,4.649,5.005,4.99,1088.4720000000007
1987-06-19,INTC,1987-06-19 00:00:00,1987-07-31 00:00:00,1987-07-31 00:00:00,22288.0,0.673,0.675,0.767,0.775,2228.7999999999997
1987-06-19,AAPL,1987-06-19 00:00:00,1987-07-31 00:00:00,1987-07-31 00:00:00,11609.0,1.269,1.292,1.292,1.284,-92.87200000000009
1987-08-03,INTC,1987-08-03 00:00:00,1987-09-14 00:00:00,1987-09-14 00:00:00,19608.0,0.765,0.752,0.867,0.867,2254.9199999999996
1987-08-03,AAPL,1987-08-03 00:00:00,1987-09-14 00:00:00,1987-09-14 00:00:00,11628.0,1.29,1.276,1.698,1.707,5011.668000000001
1987-09-15,INTC,1987-09-15 00:00:00,1987-10-26 00:00:00,1987-10-26 00:00:00,17301.0,0.867,0.859,0.529,0.514,-5968.844999999999
1987-09-15,AAPL,1987-09-15 00:00:00,1987-10-26 00:00:00,1987-10-26 00:00:00,8923.0,1.681,1.652,1.107,1.075,-5148.571
1987-10-27,INTC,1987-10-27 00:00:00,1987-12-08 00:00:00,1987-12-08 00:00:00,31646.0,0.474,0.445,0.537,0.545,3164.6000000000013
1987-10-27,AAPL,1987-10-27 00:00:00,1987-12-08 00:00:00,1987-12-08 00:00:00,15385.0,0.975,0.92,1.029,1.045,1923.1249999999982
1987-12-09,INTC,1987-12-09 00:00:00,1988-01-21 00:00:00,1988-01-21 00:00:00,26088.0,0.558,0.575,0.537,0.545,-782.6399999999978
1987-12-09,AAPL,1987-12-09 00:00:00,1988-01-21 00:00:00,1988-01-21 00:00:00,13953.0,1.061,1.075,1.239,1.261,2595.2579999999994
1988-01-22,HD,1988-01-22 00:00:00,1988-03-04 00:00:00,1988-03-04 00:00:00,31315.0,0.479,0.483,0.655,0.647,5135.660000000001
1988-01-22,AAPL,1988-01-22 00:00:00,1988-03-04 00:00:00,1988-03-04 00:00:00,11971.0,1.253,1.261,1.449,1.434,2070.9830000000006
1988-03-07,HD,1988-03-07 00:00:00,1988-04-18 00:00:00,1988-04-18 00:00:00,23401.0,0.641,0.63,0.647,0.647,397.81700000000035
1988-03-07,CAT,1988-03-07 00:00:00,1988-04-18 00:00:00,1988-04-18 00:00:00,3035.0,4.942,4.93,4.74,4.7,-698.0499999999986
1988-04-19,HD,1988-04-19 00:00:00,1988-05-31 00:00:00,1988-05-31 00:00:00,22322.0,0.653,0.672,0.623,0.63,-937.5240000000008
1988-04-19,CAT,1988-04-19 00:00:00,1988-05-31 00:00:00,1988-05-31 00:00:00,3139.0,4.73,4.779,4.637,4.637,-445.7380000000011
1988-06-01,BA,1988-06-01 00:00:00,1988-07-13 00:00:00,1988-07-13 00:00:00,1568.0,9.569,9.698,10.33,10.29,928.255999999998
1988-06-01,CAT,1988-06-01 00:00:00,1988-07-13 00:00:00,1988-07-13 00:00:00,3124.0,4.716,4.803,4.954,4.954,471.72399999999936
1988-07-14,BA,1988-07-14 00:00:00,1988-08-24 00:00:00,1988-08-24 00:00:00,1444.0,10.388,10.42,9.981,9.981,-633.916
1988-07-14,MSFT,1988-07-14 00:00:00,1988-08-24 00:00:00,1988-08-24 00:00:00,43987.0,0.337,0.341,0.251,0.251,-3958.8300000000013
1988-08-25,BA,1988-08-25 00:00:00,1988-10-06 00:00:00,1988-10-06 00:00:00,1475.0,10.172,10.11,11.321,11.321,1786.2250000000004
1988-08-25,WFC,1988-08-25 00:00:00,1988-10-06 00:00:00,1988-10-06 00:00:00,10067.0,1.49,1.498,1.545,1.537,392.6129999999992
1988-10-07,BA,1988-10-07 00:00:00,1988-11-17 00:00:00,1988-11-17 00:00:00,1324.0,11.332,11.389,10.727,10.841,-725.552
1988-10-07,BAC,1988-10-07 00:00:00,1988-11-17 00:00:00,1988-11-17 00:00:00,3825.0,3.922,3.924,3.607,3.643,-1074.8250000000005
1988-11-18,BA,1988-11-18 00:00:00,1989-01-03 00:00:00,1989-01-03 00:00:00,1380.0,10.868,10.972,10.689,10.702,-372.5999999999994
1988-11-18,ADBE,1988-11-18 00:00:00,1989-01-03 00:00:00,1989-01-03 00:00:00,11981.0,1.252,1.25,1.44,1.47,2635.8199999999997
1989-01-04,HD,1989-01-04 00:00:00,1989-02-14 00:00:00,1989-02-14 00:00:00,17964.0,0.835,0.827,0.844,0.844,305.38800000000026
1989-01-04,ADBE,1989-01-04 00:00:00,1989-02-14 00:00:00,1989-02-14 00:00:00,10309.0,1.455,1.46,1.34,1.34,-1237.0799999999988
1989-02-15,BAC,1989-02-15 00:00:00,1989-03-30 00:00:00,1989-03-30 00:00:00,3387.0,4.429,4.413,5.111,5.084,2272.676999999998
1989-02-15,ADBE,1989-02-15 00:00:00,1989-03-30 00:00:00,1989-03-30 00:00:00,11538.0,1.3,1.26,1.26,1.25,-115.38000000000011
1989-03-31,JPM,1989-03-31 00:00:00,1989-05-11 00:00:00,1989-05-11 00:00:00,2609.0,5.749,5.918,5.687,5.671,-644.4229999999997
1989-03-31,BAC,1989-03-31 00:00:00,1989-05-11 00:00:00,1989-05-11 00:00:00,2939.0,5.104,4.939,5.628,5.664,2130.774999999999
1989-05-12,MO,1989-05-12 00:00:00,1989-06-23 00:00:00,1989-06-23 00:00:00,15291.0,0.981,0.995,1.054,1.061,1009.2059999999992
1989-05-12,BAC,1989-05-12 00:00:00,1989-06-23 00:00:00,1989-06-23 00:00:00,2663.0,5.632,5.582,6.778,6.761,3139.6770000000006
1989-06-26,MO,1989-06-26 00:00:00,1989-08-07 00:00:00,1989-08-07 00:00:00,13993.0,1.072,1.087,1.238,1.231,2014.9920000000018
1989-06-26,BAC,1989-06-26 00:00:00,1989-08-07 00:00:00,1989-08-07 00:00:00,2206.0,6.801,6.869,7.721,7.749,1941.2799999999997
1989-08-08,DIS,1989-08-08 00:00:00,1989-09-19 00:00:00,1989-09-19 00:00:00,1895.0,7.802,7.919,7.99,8.043,234.97999999999936
1989-08-08,BAC,1989-08-08 00:00:00,1989-09-19 00:00:00,1989-09-19 00:00:00,1924.0,7.776,7.793,7.34,7.34,-871.5720000000006
1989-09-20,HD,1989-09-20 00:00:00,1989-10-31 00:00:00,1989-10-31 00:00:00,10791.0,1.39,1.409,1.335,1.343,-712.2060000000006
1989-09-20,NKE,1989-09-20 00:00:00,1989-10-31 00:00:00,1989-10-31 00:00:00,21097.0,0.711,0.725,0.716,0.721,-84.38800000000008
1989-11-01,DIS,1989-11-01 00:00:00,1989-12-13 00:00:00,1989-12-13 00:00:00,1764.0,8.502,8.521,8.893,8.938,735.5879999999996
1989-11-01,NKE,1989-11-01 00:00:00,1989-12-13 00:00:00,1989-12-13 00:00:00,20054.0,0.732,0.748,0.642,0.644,-2085.6159999999995
1989-12-14,DIS,1989-12-14 00:00:00,1990-01-26 00:00:00,1990-01-26 00:00:00,1676.0,8.949,8.956,7.175,7.228,-2896.1279999999997
1989-12-14,NKE,1989-12-14 00:00:00,1990-01-26 00:00:00,1990-01-26 00:00:00,23885.0,0.628,0.613,0.644,0.642,692.6650000000006
1990-01-29,HD,1990-01-29 00:00:00,1990-03-12 00:00:00,1990-03-12 00:00:00,10163.0,1.476,1.466,1.744,1.736,2744.01
1990-01-29,NKE,1990-01-29 00:00:00,1990-03-12 00:00:00,1990-03-12 00:00:00,23256.0,0.645,0.646,0.743,0.741,2209.3199999999993
1990-03-13,MSFT,1990-03-13 00:00:00,1990-04-24 00:00:00,1990-04-24 00:00:00,27726.0,0.541,0.552,0.6,0.6,1330.8479999999981
1990-03-13,ORCL,1990-03-13 00:00:00,1990-04-24 00:00:00,1990-04-24 00:00:00,27422.0,0.547,0.554,0.357,0.357,-5402.134000000002
1990-04-25,MSFT,1990-04-25 00:00:00,1990-06-06 00:00:00,1990-06-06 00:00:00,25510.0,0.588,0.592,0.738,0.738,3724.4600000000005
1990-04-25,NKE,1990-04-25 00:00:00,1990-06-06 00:00:00,1990-06-06 00:00:00,18519.0,0.81,0.819,0.956,0.954,2500.065
1990-06-07,HD,1990-06-07 00:00:00,1990-07-19 00:00:00,1990-07-19 00:00:00,6353.0,2.361,2.342,2.383,2.318,-152.47200000000012
1990-06-07,MSFT,1990-06-07 00:00:00,1990-07-19 00:00:00,1990-07-19 00:00:00,20270.0,0.74,0.738,0.771,0.762,486.4800000000004
1990-07-20,MSFT,1990-07-20 00:00:00,1990-08-30 00:00:00,1990-08-30 00:00:00,19256.0,0.767,0.779,0.608,0.616,-3138.7280000000005
1990-07-20,NKE,1990-07-20 00:00:00,1990-08-30 00:00:00,1990-08-30 00:00:00,13393.0,1.101,1.12,0.795,0.801,-4272.367000000001
1990-08-31,AMGN,1990-08-31 00:00:00,1990-10-12 00:00:00,1990-10-12 00:00:00,9677.0,1.55,1.526,1.46,1.476,-483.8500000000004
1990-08-31,MSFT,1990-08-31 00:00:00,1990-10-12 00:00:00,1990-10-12 00:00:00,24351.0,0.616,0.608,0.584,0.592,-389.6160000000003
1990-10-15,AMGN,1990-10-15 00:00:00,1990-11-26 00:00:00,1990-11-26 00:00:00,10338.0,1.451,1.468,1.839,1.831,3752.694
1990-10-15,MSFT,1990-10-15 00:00:00,1990-11-26 00:00:00,1990-11-26 00:00:00,26042.0,0.576,0.584,0.697,0.689,2734.4099999999994
1990-11-27,AMGN,1990-11-27 00:00:00,1991-01-09 00:00:00,1991-01-09 00:00:00,8095.0,1.853,1.897,2.02,2.045,1198.0599999999993
1990-11-27,MSFT,1990-11-27 00:00:00,1991-01-09 00:00:00,1991-01-09 00:00:00,21008.0,0.699,0.714,0.746,0.746,672.2560000000005
1991-01-10,AMGN,1991-01-10 00:00:00,1991-02-21 00:00:00,1991-02-21 00:00:00,7357.0,2.039,2.045,3.051,3.076,7585.067000000001
1991-01-10,MSFT,1991-01-10 00:00:00,1991-02-21 00:00:00,1991-02-21 00:00:00,20000.0,0.75,0.754,1.038,1.038,5680.000000000001
1991-02-22,AMGN,1991-02-22 00:00:00,1991-04-05 00:00:00,1991-04-05 00:00:00,4724.0,3.175,3.34,4.503,4.569,5805.796
1991-02-22,MSFT,1991-02-22 00:00:00,1991-04-05 00:00:00,1991-04-05 00:00:00,14591.0,1.028,1.006,1.152,1.152,2130.2859999999987
1991-04-08,PFE,1991-04-08 00:00:00,1991-05-17 00:00:00,1991-05-17 00:00:00,5196.0,2.887,2.862,2.818,2.788,-384.5040000000015
1991-04-08,AMGN,1991-04-08 00:00:00,1991-05-17 00:00:00,1991-05-17 00:00:00,3318.0,4.521,4.462,4.107,4.09,-1234.2959999999996
1991-05-20,PFE,1991-05-20 00:00:00,1991-07-01 00:00:00,1991-07-01 00:00:00,5376.0,2.79,2.795,2.81,2.84,241.91999999999962
1991-05-20,AMGN,1991-05-20 00:00:00,1991-07-01 00:00:00,1991-07-01 00:00:00,3614.0,4.15,4.181,4.049,3.975,-744.4839999999998
1991-07-02,PFE,1991-07-02 00:00:00,1991-08-13 00:00:00,1991-08-13 00:00:00,5276.0,2.843,2.825,3.259,3.281,2405.8559999999998
1991-07-02,AMGN,1991-07-02 00:00:00,1991-08-13 00:00:00,1991-08-13 00:00:00,3744.0,4.006,3.967,5.031,5.047,4043.5199999999986
1991-08-14,HD,1991-08-14 00:00:00,1991-09-25 00:00:00,1991-09-25 00:00:00,3120.0,4.664,4.807,4.93,4.955,461.759999999999
1991-08-14,AMGN,1991-08-14 00:00:00,1991-09-25 00:00:00,1991-09-25 00:00:00,2901.0,5.094,5.171,5.756,5.847,1961.0760000000005
1991-09-26,HD,1991-09-26 00:00:00,1991-11-06 00:00:00,1991-11-06 00:00:00,3024.0,4.961,4.93,5.151,5.127,595.7280000000002
1991-09-26,AMGN,1991-09-26 00:00:00,1991-11-06 00:00:00,1991-11-06 00:00:00,2576.0,5.822,5.773,5.905,5.872,255.0240000000005
1991-11-07,AMGN,1991-11-07 00:00:00,1991-12-19 00:00:00,1991-12-19 00:00:00,2566.0,5.845,5.798,6.111,6.003,526.0300000000002
1991-11-07,ORCL,1991-11-07 00:00:00,1991-12-19 00:00:00,1991-12-19 00:00:00,42254.0,0.355,0.357,0.295,0.286,-3000.034
1991-12-20,HD,1991-12-20 00:00:00,1992-02-03 00:00:00,1992-02-03 00:00:00,2617.0,5.731,5.782,5.569,5.577,-536.4850000000002
1991-12-20,AMGN,1991-12-20 00:00:00,1992-02-03 00:00:00,1992-02-03 00:00:00,2406.0,6.018,6.235,7.265,7.265,2478.1799999999985
1992-02-04,JPM,1992-02-04 00:00:00,1992-03-17 00:00:00,1992-03-17 00:00:00,2624.0,5.716,5.766,6.555,6.555,2070.3359999999993
1992-02-04,AMGN,1992-02-04 00:00:00,1992-03-17 00:00:00,1992-03-17 00:00:00,2034.0,7.228,7.373,6.573,6.573,-1627.1999999999996
1992-03-18,HD,1992-03-18 00:00:00,1992-04-29 00:00:00,1992-04-29 00:00:00,2534.0,5.919,5.987,5.512,5.553,-1099.7560000000003
1992-03-18,JPM,1992-03-18 00:00:00,1992-04-29 00:00:00,1992-04-29 00:00:00,2202.0,6.67,6.81,7.303,7.335,1156.0500000000009
1992-04-30,CSCO,1992-04-30 00:00:00,1992-06-11 00:00:00,1992-06-11 00:00:00,38168.0,0.377,0.393,0.503,0.503,4198.48
1992-04-30,HON,1992-04-30 00:00:00,1992-06-11 00:00:00,1992-06-11 00:00:00,1419.0,10.443,10.571,10.364,10.277,-417.18600000000066
1992-06-12,CSCO,1992-06-12 00:00:00,1992-07-24 00:00:00,1992-07-24 00:00:00,29940.0,0.501,0.503,0.55,0.542,1167.660000000001
1992-06-12,HON,1992-06-12 00:00:00,1992-07-24 00:00:00,1992-07-24 00:00:00,1419.0,10.323,10.571,9.714,9.714,-1216.082999999999
1992-07-27,ORCL,1992-07-27 00:00:00,1992-09-04 00:00:00,1992-09-04 00:00:00,36496.0,0.411,0.411,0.411,0.42,328.4640000000003
1992-07-27,CSCO,1992-07-27 00:00:00,1992-09-04 00:00:00,1992-09-04 00:00:00,26501.0,0.556,0.566,0.55,0.55,-424.01599999999746
1992-09-08,CSCO,1992-09-08 00:00:00,1992-10-19 00:00:00,1992-10-19 00:00:00,27372.0,0.548,0.542,0.621,0.629,2381.363999999999
1992-09-08,UNH,1992-09-08 00:00:00,1992-10-19 00:00:00,1992-10-19 00:00:00,6221.0,2.411,2.404,2.903,2.903,3104.279000000001
1992-10-20,CSCO,1992-10-20 00:00:00,1992-12-01 00:00:00,1992-12-01 00:00:00,23585.0,0.631,0.636,0.817,0.809,4080.205000000001
1992-10-20,UNH,1992-10-20 00:00:00,1992-12-01 00:00:00,1992-12-01 00:00:00,5167.0,2.903,2.903,2.964,2.964,315.1869999999997
1992-12-02,CSCO,1992-12-02 00:00:00,1993-01-14 00:00:00,1993-01-14 00:00:00,18541.0,0.809,0.809,0.943,0.943,2484.493999999998
1992-12-02,TXN,1992-12-02 00:00:00,1993-01-14 00:00:00,1993-01-14 00:00:00,6522.0,2.3,2.312,2.513,2.562,1630.5
1993-01-15,INTC,1993-01-15 00:00:00,1993-02-26 00:00:00,1993-02-26 00:00:00,5610.0,2.674,2.677,2.816,2.808,734.9099999999988
1993-01-15,CSCO,1993-01-15 00:00:00,1993-02-26 00:00:00,1993-02-26 00:00:00,15625.0,0.96,0.966,0.943,0.951,-234.3750000000002
1993-03-01,INTC,1993-03-01 00:00:00,1993-04-12 00:00:00,1993-04-12 00:00:00,5350.0,2.804,2.785,2.7,2.716,-369.14999999999975
1993-03-01,CSCO,1993-03-01 00:00:00,1993-04-12 00:00:00,1993-04-12 00:00:00,15707.0,0.955,0.959,0.951,0.966,109.9490000000001
1993-04-13,ORCL,1993-04-13 00:00:00,1993-05-24 00:00:00,1993-05-24 00:00:00,18868.0,0.795,0.787,0.929,0.92,2509.444
1993-04-13,CSCO,1993-04-13 00:00:00,1993-05-24 00:00:00,1993-05-24 00:00:00,15593.0,0.962,0.959,1.179,1.171,3305.7160000000013
1993-05-25,ORCL,1993-05-25 00:00:00,1993-07-07 00:00:00,1993-07-07 00:00:00,16146.0,0.929,0.92,1.081,1.081,2599.505999999999
1993-05-25,CSCO,1993-05-25 00:00:00,1993-07-07 00:00:00,1993-07-07 00:00:00,12723.0,1.179,1.179,1.194,1.186,89.06099999999867
1993-07-08,ORCL,1993-07-08 00:00:00,1993-08-18 00:00:00,1993-08-18 00:00:00,14045.0,1.068,1.054,1.179,1.179,1755.625
1993-07-08,CSCO,1993-07-08 00:00:00,1993-08-18 00:00:00,1993-08-18 00:00:00,12831.0,1.169,1.163,1.249,1.257,1206.1139999999982
1993-08-19,ORCL,1993-08-19 00:00:00,1993-09-30 00:00:00,1993-09-30 00:00:00,12594.0,1.191,1.189,1.385,1.385,2468.4239999999995
1993-08-19,CSCO,1993-08-19 00:00:00,1993-09-30 00:00:00,1993-09-30 00:00:00,12010.0,1.249,1.241,1.124,1.131,-1321.1000000000013
1993-10-01,ORCL,1993-10-01 00:00:00,1993-11-11 00:00:00,1993-11-11 00:00:00,10973.0,1.367,1.358,1.394,1.394,395.0279999999979
1993-10-01,LOW,1993-10-01 00:00:00,1993-11-11 00:00:00,1993-11-11 00:00:00,6186.0,2.425,2.363,2.68,2.68,1960.9620000000011
1993-11-12,ORCL,1993-11-12 00:00:00,1993-12-27 00:00:00,1993-12-27 00:00:00,10661.0,1.407,1.421,1.358,1.349,-767.5920000000007
1993-11-12,CMCSA,1993-11-12 00:00:00,1993-12-27 00:00:00,1993-12-27 00:00:00,4046.0,3.707,3.675,3.164,3.185,-1982.539999999999
1993-12-28,ORCL,1993-12-28 00:00:00,1994-02-07 00:00:00,1994-02-07 00:00:00,11270.0,1.331,1.314,1.376,1.358,495.88000000000045
1993-12-28,LOW,1993-12-28 00:00:00,1994-02-07 00:00:00,1994-02-07 00:00:00,5017.0,2.99,3.065,3.185,3.168,516.751000000001
1994-02-08,ORCL,1994-02-08 00:00:00,1994-03-22 00:00:00,1994-03-22 00:00:00,10830.0,1.385,1.465,1.51,1.501,389.87999999999795
1994-02-08,LOW,1994-02-08 00:00:00,1994-03-22 00:00:00,1994-03-22 00:00:00,4738.0,3.166,3.176,3.579,3.596,1989.9599999999996
1994-03-23,CAT,1994-03-23 00:00:00,1994-05-05 00:00:00,1994-05-05 00:00:00,1486.0,10.092,10.097,9.529,9.638,-682.0739999999995
1994-03-23,UNH,1994-03-23 00:00:00,1994-05-05 00:00:00,1994-05-05 00:00:00,2956.0,5.075,5.141,5.202,5.254,334.02799999999866
1994-05-06,CAT,1994-05-06 00:00:00,1994-06-17 00:00:00,1994-06-17 00:00:00,1563.0,9.595,9.433,9.273,9.29,-223.50900000000107
1994-05-06,LOW,1994-05-06 00:00:00,1994-06-17 00:00:00,1994-06-17 00:00:00,3797.0,3.951,3.81,3.75,3.81,0.0
1994-06-20,ORCL,1994-06-20 00:00:00,1994-08-01 00:00:00,1994-08-01 00:00:00,9259.0,1.62,1.573,1.689,1.697,1148.1160000000011
1994-06-20,LOW,1994-06-20 00:00:00,1994-08-01 00:00:00,1994-08-01 00:00:00,3974.0,3.775,3.715,3.853,3.853,548.4120000000014
1994-08-02,ORCL,1994-08-02 00:00:00,1994-09-13 00:00:00,1994-09-13 00:00:00,8977.0,1.671,1.653,1.849,1.867,1921.0779999999997
1994-08-02,LOW,1994-08-02 00:00:00,1994-09-13 00:00:00,1994-09-13 00:00:00,3872.0,3.874,3.93,3.767,3.793,-530.464
1994-09-14,UNH,1994-09-14 00:00:00,1994-10-25 00:00:00,1994-10-25 00:00:00,2595.0,5.781,5.77,5.621,5.534,-612.4199999999994
1994-09-14,LOW,1994-09-14 00:00:00,1994-10-25 00:00:00,1994-10-25 00:00:00,4010.0,3.741,3.75,4.075,4.05,1202.9999999999993
1994-10-26,IBM,1994-10-26 00:00:00,1994-12-07 00:00:00,1994-12-07 00:00:00,1064.0,14.098,14.216,13.76,13.591,-665.0
1994-10-26,LOW,1994-10-26 00:00:00,1994-12-07 00:00:00,1994-12-07 00:00:00,3681.0,4.075,4.144,3.818,3.767,-1387.7370000000008
1994-12-08,MSFT,1994-12-08 00:00:00,1995-01-20 00:00:00,1995-01-20 00:00:00,5210.0,2.879,2.871,2.887,2.863,-41.680000000000035
1994-12-08,ADBE,1994-12-08 00:00:00,1995-01-20 00:00:00,1995-01-20 00:00:00,3774.0,3.975,4.01,3.81,3.77,-905.7599999999991
1995-01-23,AAPL,1995-01-23 00:00:00,1995-03-06 00:00:00,1995-03-06 00:00:00,10753.0,1.395,1.305,1.254,1.239,-709.6979999999983
1995-01-23,MSFT,1995-01-23 00:00:00,1995-03-06 00:00:00,1995-03-06 00:00:00,5293.0,2.834,2.774,2.895,2.879,555.7649999999999
1995-03-07,AMGN,1995-03-07 00:00:00,1995-04-18 00:00:00,1995-04-18 00:00:00,2135.0,7.026,6.993,7.002,7.026,70.45499999999888
1995-03-07,MSFT,1995-03-07 00:00:00,1995-04-18 00:00:00,1995-04-18 00:00:00,5174.0,2.899,2.928,3.52,3.52,3063.0080000000003
1995-04-19,MDT,1995-04-19 00:00:00,1995-05-31 00:00:00,1995-05-31 00:00:00,1987.0,7.55,7.398,7.473,7.498,198.70000000000107
1995-04-19,ADBE,1995-04-19 00:00:00,1995-05-31 00:00:00,1995-05-31 00:00:00,2420.0,6.198,6.16,6.5,6.46,725.9999999999995
1995-06-01,ADBE,1995-06-01 00:00:00,1995-07-13 00:00:00,1995-07-13 00:00:00,2346.0,6.395,6.34,6.97,7.02,1595.2799999999993
1995-06-01,GILD,1995-06-01 00:00:00,1995-07-13 00:00:00,1995-07-13 00:00:00,33482.0,0.448,0.447,0.552,0.548,3381.682000000001
1995-07-14,GILD,1995-07-14 00:00:00,1995-08-24 00:00:00,1995-08-24 00:00:00,26834.0,0.559,0.53,0.628,0.615,2280.889999999999
1995-07-14,QCOM,1995-07-14 00:00:00,1995-08-24 00:00:00,1995-08-24 00:00:00,7958.0,1.885,1.865,2.382,2.382,4114.286000000001
1995-08-25,CSCO,1995-08-25 00:00:00,1995-10-06 00:00:00,1995-10-06 00:00:00,5201.0,2.884,2.899,3.049,3.064,858.1650000000002
1995-08-25,QCOM,1995-08-25 00:00:00,1995-10-06 00:00:00,1995-10-06 00:00:00,6342.0,2.365,2.367,1.912,1.936,-2733.4020000000005
1995-10-09,CSCO,1995-10-09 00:00:00,1995-11-17 00:00:00,1995-11-17 00:00:00,4992.0,3.005,2.884,3.559,3.559,3369.6000000000013
1995-10-09,TXN,1995-10-09 00:00:00,1995-11-17 00:00:00,1995-11-17 00:00:00,2049.0,7.319,6.976,6.018,6.002,-1995.7260000000003
1995-11-20,CSCO,1995-11-20 00:00:00,1996-01-03 00:00:00,1996-01-03 00:00:00,4247.0,3.532,3.512,3.331,3.3,-900.3640000000008
1995-11-20,GILD,1995-11-20 00:00:00,1996-01-03 00:00:00,1996-01-03 00:00:00,20464.0,0.733,0.703,0.902,0.911,4256.5120000000015
1996-01-04,CSCO,1996-01-04 00:00:00,1996-02-14 00:00:00,1996-02-14 00:00:00,4622.0,3.245,3.206,3.936,3.944,3411.036
1996-01-04,GILD,1996-01-04 00:00:00,1996-02-14 00:00:00,1996-02-14 00:00:00,16216.0,0.925,0.946,1.043,1.03,1362.1440000000011
1996-02-15,CSCO,1996-02-15 00:00:00,1996-03-28 00:00:00,1996-03-28 00:00:00,3861.0,3.885,3.85,3.921,3.897,181.46699999999888
1996-02-15,GILD,1996-02-15 00:00:00,1996-03-28 00:00:00,1996-03-28 00:00:00,14677.0,1.022,1.03,0.791,0.787,-3566.511
1996-03-29,NKE,1996-03-29 00:00:00,1996-05-10 00:00:00,1996-05-10 00:00:00,3429.0,4.374,4.341,4.817,4.844,1724.7870000000005
1996-03-29,CSCO,1996-03-29 00:00:00,1996-05-10 00:00:00,1996-05-10 00:00:00,3782.0,3.966,4.038,4.604,4.777,2794.8979999999997
1996-05-13,NKE,1996-05-13 00:00:00,1996-06-24 00:00:00,1996-06-24 00:00:00,3069.0,4.888,4.902,5.454,5.488,1798.4340000000009
1996-05-13,CSCO,1996-05-13 00:00:00,1996-06-24 00:00:00,1996-06-24 00:00:00,3140.0,4.777,4.801,4.793,4.793,-25.120000000000022
1996-06-25,NKE,1996-06-25 00:00:00,1996-08-06 00:00:00,1996-08-06 00:00:00,2759.0,5.437,5.423,5.679,5.672,686.9909999999991
1996-06-25,CSCO,1996-06-25 00:00:00,1996-08-06 00:00:00,1996-08-06 00:00:00,3153.0,4.758,4.722,4.848,4.801,249.08699999999916
1996-08-07,NKE,1996-08-07 00:00:00,1996-09-18 00:00:00,1996-09-18 00:00:00,2631.0,5.702,5.724,6.54,6.547,2165.3129999999987
1996-08-07,CSCO,1996-08-07 00:00:00,1996-09-18 00:00:00,1996-09-18 00:00:00,3068.0,4.889,5.052,5.21,5.194,435.6560000000011
1996-09-19,NKE,1996-09-19 00:00:00,1996-10-30 00:00:00,1996-10-30 00:00:00,2302.0,6.515,6.463,6.402,6.402,-140.42199999999985
1996-09-19,CSCO,1996-09-19 00:00:00,1996-10-30 00:00:00,1996-10-30 00:00:00,2870.0,5.227,5.21,5.029,5.076,-384.58000000000095
1996-10-31,NKE,1996-10-31 00:00:00,1996-12-12 00:00:00,1996-12-12 00:00:00,2376.0,6.312,6.258,5.746,5.76,-1183.2480000000005
1996-10-31,SLB,1996-10-31 00:00:00,1996-12-12 00:00:00,1996-12-12 00:00:00,909.0,16.51,16.588,16.295,16.468,-109.08000000000091
1996-12-13,INTC,1996-12-13 00:00:00,1997-01-27 00:00:00,1997-01-27 00:00:00,1129.0,13.284,13.05,14.377,14.415,1541.0849999999982
1996-12-13,MSFT,1996-12-13 00:00:00,1997-01-27 00:00:00,1997-01-27 00:00:00,1986.0,7.552,7.38,8.727,8.775,2770.4700000000007
1997-01-28,INTC,1997-01-28 00:00:00,1997-03-11 00:00:00,1997-03-11 00:00:00,1043.0,14.386,14.575,13.824,13.815,-792.6799999999997
1997-01-28,MSFT,1997-01-28 00:00:00,1997-03-11 00:00:00,1997-03-11 00:00:00,1711.0,8.765,8.945,9.1,9.059,195.05399999999827
1997-03-12,INTC,1997-03-12 00:00:00,1997-04-23 00:00:00,1997-04-23 00:00:00,1087.0,13.804,13.671,13.457,13.494,-192.39899999999957
1997-03-12,MSFT,1997-03-12 00:00:00,1997-04-23 00:00:00,1997-04-23 00:00:00,1662.0,9.024,8.889,10.066,10.066,1956.1740000000023
1997-04-24,INTC,1997-04-24 00:00:00,1997-06-05 00:00:00,1997-06-05 00:00:00,1092.0,13.73,14.164,13.61,13.787,-411.6839999999988
1997-04-24,MSFT,1997-04-24 00:00:00,1997-06-05 00:00:00,1997-06-05 00:00:00,1460.0,10.276,10.61,10.841,10.94,481.8000000000001
1997-06-06,INTC,1997-06-06 00:00:00,1997-07-18 00:00:00,1997-07-18 00:00:00,1091.0,13.744,13.74,16.769,16.57,3087.53
1997-06-06,MSFT,1997-06-06 00:00:00,1997-07-18 00:00:00,1997-07-18 00:00:00,1369.0,10.956,11.038,13.601,13.185,2939.2430000000004
1997-07-21,MSFT,1997-07-21 00:00:00,1997-08-29 00:00:00,1997-08-29 00:00:00,1151.0,13.027,12.812,12.01,12.01,-923.1019999999995
1997-07-21,TXN,1997-07-21 00:00:00,1997-08-29 00:00:00,1997-08-29 00:00:00,1336.0,11.226,11.135,11.417,11.318,244.48799999999977
1997-09-02,INTC,1997-09-02 00:00:00,1997-10-13 00:00:00,1997-10-13 00:00:00,852.0,17.612,17.792,17.767,17.86,57.93599999999816
1997-09-02,TXN,1997-09-02 00:00:00,1997-10-13 00:00:00,1997-10-13 00:00:00,1329.0,11.29,11.289,13.688,13.807,3346.422000000001
1997-10-14,TXN,1997-10-14 00:00:00,1997-11-24 00:00:00,1997-11-24 00:00:00,1079.0,13.902,13.841,10.313,10.287,-3834.7659999999983
1997-10-14,SLB,1997-10-14 00:00:00,1997-11-24 00:00:00,1997-11-24 00:00:00,509.0,29.447,29.313,28.354,28.305,-513.0719999999995
1997-11-25,TXN,1997-11-25 00:00:00,1998-01-08 00:00:00,1998-01-08 00:00:00,1495.0,10.035,9.987,9.039,8.821,-1743.1700000000005
1997-11-25,COST,1997-11-25 00:00:00,1998-01-08 00:00:00,1998-01-08 00:00:00,859.0,17.453,17.537,17.221,17.221,-271.4439999999991
1998-01-09,PFE,1998-01-09 00:00:00,1998-02-23 00:00:00,1998-02-23 00:00:00,827.0,18.136,17.944,20.326,20.481,2098.099000000002
1998-01-09,LLY,1998-01-09 00:00:00,1998-02-23 00:00:00,1998-02-23 00:00:00,295.0,50.9,50.338,45.659,46.632,-1093.270000000001
1998-02-24,WMT,1998-02-24 00:00:00,1998-04-06 00:00:00,1998-04-06 00:00:00,814.0,18.43,18.794,20.681,20.761,1601.137999999999
1998-02-24,HD,1998-02-24 00:00:00,1998-04-06 00:00:00,1998-04-06 00:00:00,814.0,18.419,18.158,18.888,19.379,993.8940000000001
1998-04-07,PFE,1998-04-07 00:00:00,1998-05-19 00:00:00,1998-05-19 00:00:00,625.0,23.99,24.033,25.806,26.307,1421.2499999999984
1998-04-07,CMCSA,1998-04-07 00:00:00,1998-05-19 00:00:00,1998-05-19 00:00:00,2963.0,5.063,4.994,5.096,5.136,420.746000000001
1998-05-20,PFE,1998-05-20 00:00:00,1998-07-01 00:00:00,1998-07-01 00:00:00,571.0,26.287,26.58,25.345,25.637,-538.4529999999987
1998-05-20,CMCSA,1998-05-20 00:00:00,1998-07-01 00:00:00,1998-07-01 00:00:00,2950.0,5.084,5.062,5.633,5.677,1814.249999999998
1998-07-02,AAPL,1998-07-02 00:00:00,1998-08-13 00:00:00,1998-08-13 00:00:00,16411.0,0.914,0.925,1.25,1.244,5235.1089999999995
1998-07-02,LOW,1998-07-02 00:00:00,1998-08-13 00:00:00,1998-08-13 00:00:00,1688.0,8.884,9.127,8.168,8.125,-1691.376000000001
1998-08-14,LOW,1998-08-14 00:00:00,1998-09-25 00:00:00,1998-09-25 00:00:00,1838.0,8.161,8.151,7.363,7.303,-1558.6239999999998
1998-08-14,CMCSA,1998-08-14 00:00:00,1998-09-25 00:00:00,1998-09-25 00:00:00,2261.0,6.633,6.681,6.506,6.417,-596.9040000000006
1998-09-28,CSCO,1998-09-28 00:00:00,1998-11-06 00:00:00,1998-11-06 00:00:00,1168.0,12.843,13.263,13.317,13.334,82.92799999999968
1998-09-28,CMCSA,1998-09-28 00:00:00,1998-11-06 00:00:00,1998-11-06 00:00:00,2325.0,6.451,6.442,6.204,6.23,-492.8999999999994
1998-11-09,WMT,1998-11-09 00:00:00,1998-12-21 00:00:00,1998-12-21 00:00:00,527.0,28.453,28.763,31.342,31.284,1328.5669999999986
1998-11-09,AAPL,1998-11-09 00:00:00,1998-12-21 00:00:00,1998-12-21 00:00:00,12712.0,1.18,1.174,1.096,1.103,-902.5519999999993
1998-12-22,AAPL,1998-12-22 00:00:00,1999-02-04 00:00:00,1999-02-04 00:00:00,13724.0,1.093,1.135,1.252,1.252,1605.7079999999999
1998-12-22,CSCO,1998-12-22 00:00:00,1999-02-04 00:00:00,1999-02-04 00:00:00,808.0,18.573,18.921,21.829,21.736,2274.520000000001
1999-02-05,ORCL,1999-02-05 00:00:00,1999-03-19 00:00:00,1999-03-19 00:00:00,1684.0,8.906,8.685,6.63,6.702,-3339.3720000000008
1999-02-05,CSCO,1999-02-05 00:00:00,1999-03-19 00:00:00,1999-03-19 00:00:00,709.0,21.148,20.552,20.991,21.363,574.9989999999999
1999-03-22,AMGN,1999-03-22 00:00:00,1999-05-03 00:00:00,1999-05-03 00:00:00,465.0,32.245,32.064,25.335,25.723,-2948.5650000000005
1999-03-22,CSCO,1999-03-22 00:00:00,1999-05-03 00:00:00,1999-05-03 00:00:00,718.0,20.903,20.625,22.4,22.347,1236.3960000000009
1999-05-04,CSCO,1999-05-04 00:00:00,1999-06-15 00:00:00,1999-06-15 00:00:00,675.0,22.214,22.219,21.175,21.285,-630.4500000000007
1999-05-04,QCOM,1999-05-04 00:00:00,1999-06-15 00:00:00,1999-06-15 00:00:00,1436.0,10.444,10.487,10.048,10.024,-664.8680000000014
1999-06-16,QCOM,1999-06-16 00:00:00,1999-07-28 00:00:00,1999-07-28 00:00:00,1422.0,10.546,11.223,15.102,15.0,5370.893999999999
1999-06-16,AMZN,1999-06-16 00:00:00,1999-07-28 00:00:00,1999-07-28 00:00:00,317.0,47.39,50.66,50.5,50.99,104.61000000000172
1999-07-29,GILD,1999-07-29 00:00:00,1999-09-09 00:00:00,1999-09-09 00:00:00,8741.0,1.716,1.755,2.458,2.485,6380.93
1999-07-29,QCOM,1999-07-29 00:00:00,1999-09-09 00:00:00,1999-09-09 00:00:00,980.0,15.312,15.348,16.419,16.709,1333.7799999999988
1999-09-10,QCOM,1999-09-10 00:00:00,1999-10-21 00:00:00,1999-10-21 00:00:00,915.0,16.4,16.457,19.789,19.469,2755.9800000000005
1999-09-10,AMZN,1999-09-10 00:00:00,1999-10-21 00:00:00,1999-10-21 00:00:00,236.0,63.485,65.94,80.5,77.94,2832.0
1999-10-22,QCOM,1999-10-22 00:00:00,1999-12-03 00:00:00,1999-12-03 00:00:00,740.0,20.282,21.546,36.584,37.268,11634.28
1999-10-22,AMZN,1999-10-22 00:00:00,1999-12-03 00:00:00,1999-12-03 00:00:00,188.0,79.64,81.44,89.06,92.5,2079.2800000000007
1999-12-06,ORCL,1999-12-06 00:00:00,2000-01-18 00:00:00,2000-01-18 00:00:00,852.0,17.597,17.593,23.856,24.097,5541.408000000001
1999-12-06,QCOM,1999-12-06 00:00:00,2000-01-18 00:00:00,2000-01-18 00:00:00,399.0,37.586,37.903,54.948,53.781,6335.322
2000-01-19,ORCL,2000-01-19 00:00:00,2000-03-01 00:00:00,2000-03-01 00:00:00,612.0,24.528,25.08,33.17,32.954,4818.888000000002
2000-01-19,QCOM,2000-01-19 00:00:00,2000-03-01 00:00:00,2000-03-01 00:00:00,277.0,54.073,53.663,55.731,54.978,364.25500000000136
2000-03-02,ADBE,2000-03-02 00:00:00,2000-04-12 00:00:00,2000-04-12 00:00:00,597.0,25.105,23.95,29.74,29.86,3528.27
2000-03-02,QCOM,2000-03-02 00:00:00,2000-04-12 00:00:00,2000-04-12 00:00:00,275.0,54.524,54.335,53.781,53.976,-98.72500000000048
2000-04-13,ORCL,2000-04-13 00:00:00,2000-05-25 00:00:00,2000-05-25 00:00:00,442.0,33.953,33.457,28.699,29.262,-1854.19
2000-04-13,QCOM,2000-04-13 00:00:00,2000-05-25 00:00:00,2000-05-25 00:00:00,290.0,51.755,50.09,30.034,31.14,-5495.500000000001
2000-05-26,ORCL,2000-05-26 00:00:00,2000-07-10 00:00:00,2000-07-10 00:00:00,502.0,29.904,29.844,33.901,33.335,1752.4819999999997
2000-05-26,QCOM,2000-05-26 00:00:00,2000-07-10 00:00:00,2000-07-10 00:00:00,512.0,29.295,27.313,22.156,21.89,-2776.575999999999
2000-07-11,ADBE,2000-07-11 00:00:00,2000-08-21 00:00:00,2000-08-21 00:00:00,445.0,33.698,33.72,30.51,30.77,-1312.7499999999998
2000-07-11,ORCL,2000-07-11 00:00:00,2000-08-21 00:00:00,2000-08-21 00:00:00,452.0,33.184,32.892,36.323,36.686,1714.8879999999986
2000-08-22,ADBE,2000-08-22 00:00:00,2000-10-03 00:00:00,2000-10-03 00:00:00,496.0,30.212,30.0,40.58,40.95,5431.200000000002
2000-08-22,ORCL,2000-08-22 00:00:00,2000-10-03 00:00:00,2000-10-03 00:00:00,408.0,36.797,37.028,35.188,35.652,-561.407999999999
2000-10-04,ADBE,2000-10-04 00:00:00,2000-11-14 00:00:00,2000-11-14 00:00:00,364.0,41.17,40.47,35.88,37.84,-957.3199999999983
2000-10-04,ORCL,2000-10-04 00:00:00,2000-11-14 00:00:00,2000-11-14 00:00:00,448.0,33.47,29.484,22.116,24.455,-2252.9920000000016
2000-11-15,UNH,2000-11-15 00:00:00,2000-12-28 00:00:00,2000-12-28 00:00:00,1227.0,12.228,12.553,13.288,13.316,936.2009999999999
2000-11-15,TMO,2000-11-15 00:00:00,2000-12-28 00:00:00,2000-12-28 00:00:00,611.0,24.541,24.934,25.619,25.629,424.64500000000015
2000-12-29,MO,2000-12-29 00:00:00,2001-02-12 00:00:00,2001-02-12 00:00:00,2206.0,6.8,6.745,7.275,7.275,1169.1800000000005
2000-12-29,UNH,2000-12-29 00:00:00,2001-02-12 00:00:00,2001-02-12 00:00:00,1116.0,13.443,13.805,12.782,12.955,-948.5999999999996
2001-02-13,MO,2001-02-13 00:00:00,2001-03-27 00:00:00,2001-03-27 00:00:00,2064.0,7.267,7.229,6.856,6.843,-796.7040000000003
2001-02-13,UNH,2001-02-13 00:00:00,2001-03-27 00:00:00,2001-03-27 00:00:00,1160.0,12.934,13.261,12.249,12.299,-1115.9199999999996
2001-03-28,LMT,2001-03-28 00:00:00,2001-05-09 00:00:00,2001-05-09 00:00:00,558.0,26.859,27.025,26.834,26.841,-102.6719999999986
2001-03-28,MO,2001-03-28 00:00:00,2001-05-09 00:00:00,2001-05-09 00:00:00,2148.0,6.982,7.125,7.727,7.727,1293.0960000000007
2001-05-10,MO,2001-05-10 00:00:00,2001-06-21 00:00:00,2001-06-21 00:00:00,1930.0,7.771,7.793,7.046,7.046,-1441.7099999999998
2001-05-10,NVDA,2001-05-10 00:00:00,2001-06-21 00:00:00,2001-06-21 00:00:00,1163.0,12.894,13.114,13.822,13.767,759.4389999999985
2001-06-22,MO,2001-06-22 00:00:00,2001-08-03 00:00:00,2001-08-03 00:00:00,2098.0,7.149,7.223,6.948,6.896,-686.0459999999999
2001-06-22,LOW,2001-06-22 00:00:00,2001-08-03 00:00:00,2001-08-03 00:00:00,898.0,16.698,16.865,16.01,15.906,-861.1819999999981
2001-08-06,MO,2001-08-06 00:00:00,2001-09-21 00:00:00,2001-09-21 00:00:00,2187.0,6.86,6.882,7.19,7.02,301.80599999999976
2001-08-06,LOW,2001-08-06 00:00:00,2001-09-21 00:00:00,2001-09-21 00:00:00,948.0,15.815,16.037,12.035,10.97,-4803.515999999999
2001-09-24,LMT,2001-09-24 00:00:00,2001-11-02 00:00:00,2001-11-02 00:00:00,484.0,31.008,31.18,36.0,35.959,2313.036000000002
2001-09-24,MO,2001-09-24 00:00:00,2001-11-02 00:00:00,2001-11-02 00:00:00,2136.0,7.022,7.033,7.216,7.216,390.88799999999964
2001-11-05,LOW,2001-11-05 00:00:00,2001-12-17 00:00:00,2001-12-17 00:00:00,969.0,15.482,15.924,19.623,19.366,3335.2980000000002
2001-11-05,GILD,2001-11-05 00:00:00,2001-12-17 00:00:00,2001-12-17 00:00:00,4298.0,3.49,3.488,3.66,3.67,782.2359999999998
2001-12-18,LOW,2001-12-18 00:00:00,2002-01-31 00:00:00,2002-01-31 00:00:00,768.0,19.528,19.846,19.154,19.196,-499.1999999999989
2001-12-18,NVDA,2001-12-18 00:00:00,2002-01-31 00:00:00,2002-01-31 00:00:00,731.0,20.522,20.432,20.102,20.369,-46.052999999999145
2002-02-01,GILD,2002-02-01 00:00:00,2002-03-15 00:00:00,2002-03-15 00:00:00,4058.0,3.696,3.647,3.952,4.028,1546.097999999999
2002-02-01,NVDA,2002-02-01 00:00:00,2002-03-15 00:00:00,2002-03-15 00:00:00,744.0,20.152,20.166,15.553,15.667,-3347.2560000000003
2002-03-18,NKE,2002-03-18 00:00:00,2002-04-29 00:00:00,2002-04-29 00:00:00,2153.0,6.967,6.963,6.076,6.048,-1969.9950000000001
2002-03-18,GILD,2002-03-18 00:00:00,2002-04-29 00:00:00,2002-04-29 00:00:00,3758.0,3.992,4.05,3.209,3.227,-3092.834
2002-04-30,LMT,2002-04-30 00:00:00,2002-06-11 00:00:00,2002-06-11 00:00:00,328.0,45.675,45.058,47.434,47.12,676.3359999999992
2002-04-30,PG,2002-04-30 00:00:00,2002-06-11 00:00:00,2002-06-11 00:00:00,437.0,34.347,34.411,34.015,34.358,-23.161000000001913
2002-06-12,LMT,2002-06-12 00:00:00,2002-07-24 00:00:00,2002-07-24 00:00:00,318.0,47.229,47.397,40.158,39.561,-2491.8479999999995
2002-06-12,UNH,2002-06-12 00:00:00,2002-07-24 00:00:00,2002-07-24 00:00:00,707.0,21.222,21.225,18.299,18.001,-2279.368
2002-07-25,LMT,2002-07-25 00:00:00,2002-09-05 00:00:00,2002-09-05 00:00:00,364.0,41.262,43.192,47.605,46.806,1315.495999999999
2002-07-25,UNH,2002-07-25 00:00:00,2002-09-05 00:00:00,2002-09-05 00:00:00,803.0,18.676,19.117,18.973,18.796,-257.7630000000012
2002-09-06,LMT,2002-09-06 00:00:00,2002-10-17 00:00:00,2002-10-17 00:00:00,317.0,47.366,48.224,44.243,45.468,-873.6519999999978
2002-09-06,AMZN,2002-09-06 00:00:00,2002-10-17 00:00:00,2002-10-17 00:00:00,1038.0,14.448,14.56,19.49,20.1,5750.520000000001
2002-10-18,UNH,2002-10-18 00:00:00,2002-11-29 00:00:00,2002-11-29 00:00:00,695.0,21.574,21.34,17.562,17.562,-2625.709999999999
2002-10-18,AMZN,2002-10-18 00:00:00,2002-11-29 00:00:00,2002-11-29 00:00:00,774.0,19.373,18.48,24.08,24.15,4388.579999999999
2002-12-02,AMZN,2002-12-02 00:00:00,2003-01-14 00:00:00,2003-01-14 00:00:00,630.0,23.802,24.15,22.04,21.85,-1448.9999999999982
2002-12-02,USB,2002-12-02 00:00:00,2003-01-14 00:00:00,2003-01-14 00:00:00,859.0,17.464,17.374,18.442,18.571,1028.2230000000022
2003-01-15,BAC,2003-01-15 00:00:00,2003-02-27 00:00:00,2003-02-27 00:00:00,463.0,32.402,32.532,30.668,30.668,-863.0319999999987
2003-01-15,AMZN,2003-01-15 00:00:00,2003-02-27 00:00:00,2003-02-27 00:00:00,674.0,22.252,22.59,21.64,21.66,-626.8199999999998
2003-02-28,UNH,2003-02-28 00:00:00,2003-04-10 00:00:00,2003-04-10 00:00:00,833.0,18.017,18.028,20.204,20.204,1812.6080000000015
2003-02-28,AMZN,2003-02-28 00:00:00,2003-04-10 00:00:00,2003-04-10 00:00:00,703.0,21.325,21.57,25.06,25.06,2453.469999999999
2003-04-11,GILD,2003-04-11 00:00:00,2003-05-23 00:00:00,2003-05-23 00:00:00,3242.0,4.627,4.726,5.243,5.226,1621.0
2003-04-11,AMZN,2003-04-11 00:00:00,2003-05-23 00:00:00,2003-05-23 00:00:00,591.0,25.362,25.85,33.0,33.03,4243.38
2003-05-27,ORCL,2003-05-27 00:00:00,2003-07-08 00:00:00,2003-07-08 00:00:00,1380.0,10.873,10.748,11.232,11.257,702.4200000000005
2003-05-27,AMZN,2003-05-27 00:00:00,2003-07-08 00:00:00,2003-07-08 00:00:00,457.0,32.817,32.55,39.05,38.76,2837.9700000000003
2003-07-09,GILD,2003-07-09 00:00:00,2003-08-19 00:00:00,2003-08-19 00:00:00,2301.0,6.518,6.548,7.02,7.074,1210.3259999999996
2003-07-09,AMZN,2003-07-09 00:00:00,2003-08-19 00:00:00,2003-08-19 00:00:00,378.0,39.712,40.54,43.02,43.45,1099.9800000000014
2003-08-20,GILD,2003-08-20 00:00:00,2003-10-01 00:00:00,2003-10-01 00:00:00,2101.0,7.139,7.202,6.194,6.167,-2174.5350000000003
2003-08-20,AMZN,2003-08-20 00:00:00,2003-10-01 00:00:00,2003-10-01 00:00:00,345.0,43.532,43.06,48.43,48.37,1831.9499999999982
2003-10-02,ADBE,2003-10-02 00:00:00,2003-11-12 00:00:00,2003-11-12 00:00:00,756.0,19.838,20.12,21.36,21.44,997.9200000000002
2003-10-02,AMZN,2003-10-02 00:00:00,2003-11-12 00:00:00,2003-11-12 00:00:00,309.0,48.57,48.94,52.23,52.57,1121.6700000000008
2003-11-13,TXN,2003-11-13 00:00:00,2003-12-26 00:00:00,2003-12-26 00:00:00,616.0,24.332,24.574,23.348,23.275,-800.1840000000019
2003-11-13,AMZN,2003-11-13 00:00:00,2003-12-26 00:00:00,2003-12-26 00:00:00,282.0,53.275,54.04,53.32,54.14,28.2000000000004
2003-12-29,INTC,2003-12-29 00:00:00,2004-02-10 00:00:00,2004-02-10 00:00:00,625.0,24.018,24.198,23.452,23.529,-418.1250000000003
2003-12-29,AMZN,2003-12-29 00:00:00,2004-02-10 00:00:00,2004-02-10 00:00:00,278.0,53.922,53.79,45.86,45.85,-2207.3199999999993
2004-02-11,AMZN,2004-02-11 00:00:00,2004-03-24 00:00:00,2004-03-24 00:00:00,328.0,45.8,45.86,40.23,40.35,-1807.2799999999993
2004-02-11,NVDA,2004-02-11 00:00:00,2004-03-24 00:00:00,2004-03-24 00:00:00,2118.0,7.081,7.29,6.783,6.774,-1092.888
2004-03-25,MCD,2004-03-25 00:00:00,2004-05-06 00:00:00,2004-05-06 00:00:00,701.0,21.4,21.482,21.451,21.227,-178.7549999999993
2004-03-25,AAPL,2004-03-25 00:00:00,2004-05-06 00:00:00,2004-05-06 00:00:00,9452.0,1.587,1.627,1.661,1.647,189.04000000000016
2004-05-07,MO,2004-05-07 00:00:00,2004-06-21 00:00:00,2004-06-21 00:00:00,1765.0,8.498,8.525,7.21,7.229,-2287.4400000000005
2004-05-07,QCOM,2004-05-07 00:00:00,2004-06-21 00:00:00,2004-06-21 00:00:00,598.0,25.09,24.913,26.051,26.07,691.886
2004-06-22,AAPL,2004-06-22 00:00:00,2004-08-03 00:00:00,2004-08-03 00:00:00,7346.0,2.042,2.015,1.969,1.964,-374.64600000000115
2004-06-22,QCOM,2004-06-22 00:00:00,2004-08-03 00:00:00,2004-08-03 00:00:00,580.0,25.846,25.801,28.238,28.145,1359.5200000000007
2004-08-04,BA,2004-08-04 00:00:00,2004-09-15 00:00:00,2004-09-15 00:00:00,362.0,41.408,41.128,43.828,43.933,1015.4099999999999
2004-08-04,QCOM,2004-08-04 00:00:00,2004-09-15 00:00:00,2004-09-15 00:00:00,534.0,28.064,27.87,32.054,31.773,2084.2019999999993
2004-09-16,AAPL,2004-09-16 00:00:00,2004-10-27 00:00:00,2004-10-27 00:00:00,6827.0,2.197,2.194,2.99,3.033,5727.853
2004-09-16,QCOM,2004-09-16 00:00:00,2004-10-27 00:00:00,2004-10-27 00:00:00,472.0,31.747,31.406,30.957,31.374,-15.104000000000013
2004-10-28,AAPL,2004-10-28 00:00:00,2004-12-09 00:00:00,2004-12-09 00:00:00,4867.0,3.082,3.116,3.945,3.912,3874.131999999999
2004-10-28,QCOM,2004-10-28 00:00:00,2004-12-09 00:00:00,2004-12-09 00:00:00,475.0,31.611,31.969,34.171,33.614,781.3749999999981
2004-12-10,AAPL,2004-12-10 00:00:00,2005-01-24 00:00:00,2005-01-24 00:00:00,3800.0,3.947,4.054,4.394,4.434,1443.9999999999995
2004-12-10,QCOM,2004-12-10 00:00:00,2005-01-24 00:00:00,2005-01-24 00:00:00,444.0,33.759,34.138,29.624,29.624,-2004.2159999999997
2005-01-25,AAPL,2005-01-25 00:00:00,2005-03-08 00:00:00,2005-03-08 00:00:00,3387.0,4.429,4.451,5.33,5.221,2607.9900000000016
2005-01-25,ADBE,2005-01-25 00:00:00,2005-03-08 00:00:00,2005-03-08 00:00:00,531.0,28.228,27.83,32.53,32.62,2543.4899999999993
2005-03-09,AAPL,2005-03-09 00:00:00,2005-04-20 00:00:00,2005-04-20 00:00:00,2923.0,5.132,4.936,4.624,4.695,-704.442999999999
2005-03-09,ADBE,2005-03-09 00:00:00,2005-04-20 00:00:00,2005-04-20 00:00:00,460.0,32.62,32.59,29.05,29.65,-1352.4000000000021
2005-04-21,AAPL,2005-04-21 00:00:00,2005-06-02 00:00:00,2005-06-02 00:00:00,3288.0,4.562,4.536,5.025,5.001,1528.9200000000023
2005-04-21,UNH,2005-04-21 00:00:00,2005-06-02 00:00:00,2005-06-02 00:00:00,369.0,40.613,40.566,43.028,43.258,993.3480000000001
2005-06-03,AAPL,2005-06-03 00:00:00,2005-07-15 00:00:00,2005-07-15 00:00:00,3007.0,4.989,4.758,5.08,5.093,1007.3449999999999
2005-06-03,UNH,2005-06-03 00:00:00,2005-07-15 00:00:00,2005-07-15 00:00:00,344.0,43.668,44.353,43.933,44.191,-55.72799999999967
2005-07-18,AAPL,2005-07-18 00:00:00,2005-08-26 00:00:00,2005-08-26 00:00:00,2927.0,5.125,5.174,5.742,5.761,1718.1489999999992
2005-07-18,NVDA,2005-07-18 00:00:00,2005-08-26 00:00:00,2005-08-26 00:00:00,1814.0,8.27,8.239,9.023,9.023,1422.175999999998
2005-08-29,AAPL,2005-08-29 00:00:00,2005-10-10 00:00:00,2005-10-10 00:00:00,2621.0,5.724,5.65,6.396,6.47,2149.2199999999984
2005-08-29,NVDA,2005-08-29 00:00:00,2005-10-10 00:00:00,2005-10-10 00:00:00,1679.0,8.935,8.802,10.156,10.211,2365.711000000001
2005-10-11,AAPL,2005-10-11 00:00:00,2005-11-21 00:00:00,2005-11-21 00:00:00,2354.0,6.373,6.392,8.049,8.082,3978.260000000001
2005-10-11,NVDA,2005-10-11 00:00:00,2005-11-21 00:00:00,2005-11-21 00:00:00,1491.0,10.06,9.926,11.114,11.087,1731.0509999999995
2005-11-22,AAPL,2005-11-22 00:00:00,2006-01-05 00:00:00,2006-01-05 00:00:00,1860.0,8.063,8.103,9.346,9.337,2295.24
2005-11-22,NVDA,2005-11-22 00:00:00,2006-01-05 00:00:00,2006-01-05 00:00:00,1339.0,11.2,11.355,12.072,12.054,935.9609999999998
2006-01-06,AAPL,2006-01-06 00:00:00,2006-02-17 00:00:00,2006-02-17 00:00:00,1616.0,9.285,9.383,8.798,8.766,-997.0719999999985
2006-01-06,NVDA,2006-01-06 00:00:00,2006-02-17 00:00:00,2006-02-17 00:00:00,1229.0,12.204,12.443,14.496,15.553,3822.1900000000014
2006-02-21,GILD,2006-02-21 00:00:00,2006-04-03 00:00:00,2006-04-03 00:00:00,1103.0,13.603,13.666,13.752,13.864,218.39400000000043
2006-02-21,NVDA,2006-02-21 00:00:00,2006-04-03 00:00:00,2006-04-03 00:00:00,996.0,15.053,14.534,17.595,17.721,3174.2519999999995
2006-04-04,SLB,2006-04-04 00:00:00,2006-05-16 00:00:00,2006-05-16 00:00:00,288.0,52.094,51.335,54.264,54.952,1041.6959999999992
2006-04-04,NVDA,2006-04-04 00:00:00,2006-05-16 00:00:00,2006-05-16 00:00:00,845.0,17.752,17.845,16.415,16.497,-1139.059999999999
2006-05-17,SLB,2006-05-17 00:00:00,2006-06-28 00:00:00,2006-06-28 00:00:00,276.0,54.38,53.658,48.313,48.399,-1451.4840000000002
2006-05-17,NVDA,2006-05-17 00:00:00,2006-06-28 00:00:00,2006-06-28 00:00:00,925.0,16.216,15.917,11.972,12.064,-3564.0249999999996
2006-06-29,AAPL,2006-06-29 00:00:00,2006-08-10 00:00:00,2006-08-10 00:00:00,2129.0,7.045,7.08,7.928,7.873,1688.2970000000003
2006-06-29,SLB,2006-06-29 00:00:00,2006-08-10 00:00:00,2006-08-10 00:00:00,308.0,48.69,49.883,52.345,52.28,738.2759999999995
2006-08-11,SLB,2006-08-11 00:00:00,2006-09-22 00:00:00,2006-09-22 00:00:00,288.0,52.033,51.996,46.571,46.798,-1497.0240000000001
2006-08-11,NVDA,2006-08-11 00:00:00,2006-09-22 00:00:00,2006-09-22 00:00:00,1016.0,14.77,13.758,18.874,18.801,5123.687999999999
2006-09-25,MRK,2006-09-25 00:00:00,2006-11-03 00:00:00,2006-11-03 00:00:00,482.0,31.15,31.252,33.665,33.627,1144.7500000000018
2006-09-25,NVDA,2006-09-25 00:00:00,2006-11-03 00:00:00,2006-11-03 00:00:00,809.0,18.542,18.634,19.641,19.767,916.5969999999993
2006-11-06,MRK,2006-11-06 00:00:00,2006-12-18 00:00:00,2006-12-18 00:00:00,448.0,33.448,33.426,32.653,32.541,-396.4800000000023
2006-11-06,NVDA,2006-11-06 00:00:00,2006-12-18 00:00:00,2006-12-18 00:00:00,756.0,19.847,20.092,23.042,23.072,2252.88
2006-12-19,CMCSA,2006-12-19 00:00:00,2007-02-02 00:00:00,2007-02-02 00:00:00,1228.0,12.212,12.182,12.182,12.19,9.823999999998918
2006-12-19,NVDA,2006-12-19 00:00:00,2007-02-02 00:00:00,2007-02-02 00:00:00,643.0,23.319,23.16,19.067,19.2,-2546.2800000000007
2007-02-05,CMCSA,2007-02-05 00:00:00,2007-03-19 00:00:00,2007-03-19 00:00:00,1228.0,12.215,12.198,10.832,10.876,-1623.416000000001
2007-02-05,GS,2007-02-05 00:00:00,2007-03-19 00:00:00,2007-03-19 00:00:00,80.0,187.632,188.51,175.85,177.91,-847.9999999999995
2007-03-20,PCLN,2007-03-20 00:00:00,2007-05-01 00:00:00,2007-05-01 00:00:00,288.0,52.043,52.47,55.64,56.04,1028.16
2007-03-20,T,2007-03-20 00:00:00,2007-05-01 00:00:00,2007-05-01 00:00:00,784.0,19.122,19.158,19.969,20.076,719.7119999999994
2007-05-02,AMZN,2007-05-02 00:00:00,2007-06-13 00:00:00,2007-06-13 00:00:00,245.0,61.155,61.6,70.07,70.9,2278.500000000001
2007-05-02,PCLN,2007-05-02 00:00:00,2007-06-13 00:00:00,2007-06-13 00:00:00,266.0,56.41,56.92,61.4,61.48,1212.9599999999987
2007-06-14,AMZN,2007-06-14 00:00:00,2007-07-26 00:00:00,2007-07-26 00:00:00,212.0,70.73,70.9,86.17,85.02,2993.439999999998
2007-06-14,PCLN,2007-06-14 00:00:00,2007-07-26 00:00:00,2007-07-26 00:00:00,244.0,61.588,61.89,66.85,66.01,1005.2800000000011
2007-07-27,AMZN,2007-07-27 00:00:00,2007-09-07 00:00:00,2007-09-07 00:00:00,176.0,85.365,84.38,86.21,84.75,65.1200000000008
2007-07-27,PCLN,2007-07-27 00:00:00,2007-09-07 00:00:00,2007-09-07 00:00:00,230.0,65.23,64.24,82.44,80.76,3799.600000000002
2007-09-10,AMZN,2007-09-10 00:00:00,2007-10-19 00:00:00,2007-10-19 00:00:00,178.0,84.362,84.95,89.85,89.93,886.4400000000007
2007-09-10,PCLN,2007-09-10 00:00:00,2007-10-19 00:00:00,2007-10-19 00:00:00,189.0,79.245,78.09,92.02,91.99,2627.0999999999985
2007-10-22,AMZN,2007-10-22 00:00:00,2007-12-03 00:00:00,2007-12-03 00:00:00,167.0,89.915,89.25,90.56,90.0,125.25
2007-10-22,PCLN,2007-10-22 00:00:00,2007-12-03 00:00:00,2007-12-03 00:00:00,166.0,90.222,87.51,113.8,114.51,4482.0
2007-12-04,AMZN,2007-12-04 00:00:00,2008-01-16 00:00:00,2008-01-16 00:00:00,165.0,90.732,90.04,80.24,79.58,-1725.9000000000012
2007-12-04,PCLN,2007-12-04 00:00:00,2008-01-16 00:00:00,2008-01-16 00:00:00,131.0,114.34,115.19,103.28,101.74,-1761.9500000000003
2008-01-17,AMZN,2008-01-17 00:00:00,2008-02-29 00:00:00,2008-02-29 00:00:00,187.0,80.182,80.92,67.85,67.0,-2603.0400000000004
2008-01-17,PCLN,2008-01-17 00:00:00,2008-02-29 00:00:00,2008-02-29 00:00:00,152.0,98.665,96.37,123.31,121.55,3827.3599999999988
2008-03-03,AMZN,2008-03-03 00:00:00,2008-04-14 00:00:00,2008-04-14 00:00:00,228.0,65.735,63.63,71.99,71.7,1839.96
2008-03-03,PCLN,2008-03-03 00:00:00,2008-04-14 00:00:00,2008-04-14 00:00:00,127.0,117.842,112.41,120.12,120.0,963.9300000000004
2008-04-15,AMZN,2008-04-15 00:00:00,2008-05-27 00:00:00,2008-05-27 00:00:00,207.0,72.4,73.44,78.35,78.25,995.6700000000005
2008-04-15,PCLN,2008-04-15 00:00:00,2008-05-27 00:00:00,2008-05-27 00:00:00,125.0,119.94,122.76,131.65,131.97,1151.2499999999993
2008-05-28,PCLN,2008-05-28 00:00:00,2008-07-09 00:00:00,2008-07-09 00:00:00,114.0,131.932,132.49,107.84,108.33,-2754.240000000001
2008-05-28,MA,2008-05-28 00:00:00,2008-07-09 00:00:00,2008-07-09 00:00:00,568.0,26.391,26.947,25.244,25.072,-1065.0
2008-07-10,PCLN,2008-07-10 00:00:00,2008-08-20 00:00:00,2008-08-20 00:00:00,137.0,109.727,111.0,99.25,99.37,-1593.3099999999995
2008-07-10,MA,2008-07-10 00:00:00,2008-08-20 00:00:00,2008-08-20 00:00:00,611.0,24.558,24.073,22.789,22.886,-725.2570000000007
2008-08-21,MA,2008-08-21 00:00:00,2008-10-02 00:00:00,2008-10-02 00:00:00,651.0,23.057,23.082,16.367,15.953,-4640.979000000001
2008-08-21,NFLX,2008-08-21 00:00:00,2008-10-02 00:00:00,2008-10-02 00:00:00,3463.0,4.331,4.279,4.291,4.257,-76.18600000000083
2008-10-03,WMT,2008-10-03 00:00:00,2008-11-13 00:00:00,2008-11-13 00:00:00,312.0,48.098,48.301,42.791,43.076,-1630.2000000000005
2008-10-03,NFLX,2008-10-03 00:00:00,2008-11-13 00:00:00,2008-11-13 00:00:00,3577.0,4.193,4.173,2.957,2.934,-4431.902999999999
2008-11-14,WMT,2008-11-14 00:00:00,2008-12-29 00:00:00,2008-12-29 00:00:00,345.0,43.487,44.24,45.012,45.012,266.33999999999946
2008-11-14,AMGN,2008-11-14 00:00:00,2008-12-29 00:00:00,2008-12-29 00:00:00,316.0,47.42,48.246,47.303,47.303,-297.98800000000153
2008-12-30,WMT,2008-12-30 00:00:00,2009-02-11 00:00:00,2009-02-11 00:00:00,335.0,44.804,44.921,38.808,39.017,-1977.8399999999988
2008-12-30,AMGN,2008-12-30 00:00:00,2009-02-11 00:00:00,2009-02-11 00:00:00,319.0,47.019,47.339,47.347,47.501,51.67799999999969
2009-02-12,AMGN,2009-02-12 00:00:00,2009-03-26 00:00:00,2009-03-26 00:00:00,315.0,47.618,47.427,41.086,41.557,-1849.0499999999993
2009-02-12,NFLX,2009-02-12 00:00:00,2009-03-26 00:00:00,2009-03-26 00:00:00,2927.0,5.124,5.243,5.937,5.959,2095.731999999998
2009-03-27,AMGN,2009-03-27 00:00:00,2009-05-08 00:00:00,2009-05-08 00:00:00,358.0,41.947,43.372,38.825,38.984,-1570.9039999999993
2009-03-27,NFLX,2009-03-27 00:00:00,2009-05-08 00:00:00,2009-05-08 00:00:00,2511.0,5.973,5.891,5.71,5.717,-436.91400000000095
2009-05-11,AMGN,2009-05-11 00:00:00,2009-06-22 00:00:00,2009-06-22 00:00:00,385.0,38.912,38.514,43.163,42.421,1504.1949999999986
2009-05-11,NFLX,2009-05-11 00:00:00,2009-06-22 00:00:00,2009-06-22 00:00:00,2648.0,5.665,5.649,5.941,5.907,683.184
2009-06-23,AMGN,2009-06-23 00:00:00,2009-08-04 00:00:00,2009-08-04 00:00:00,355.0,42.294,42.048,51.855,51.311,3288.3649999999993
2009-06-23,NFLX,2009-06-23 00:00:00,2009-08-04 00:00:00,2009-08-04 00:00:00,2580.0,5.814,5.714,6.424,6.4,1769.8799999999999
2009-08-05,NVDA,2009-08-05 00:00:00,2009-09-16 00:00:00,2009-09-16 00:00:00,1226.0,12.23,12.283,15.097,15.06,3404.602000000001
2009-08-05,NFLX,2009-08-05 00:00:00,2009-09-16 00:00:00,2009-09-16 00:00:00,2366.0,6.34,6.339,6.424,6.47,309.94599999999843
2009-09-17,NVDA,2009-09-17 00:00:00,2009-10-28 00:00:00,2009-10-28 00:00:00,1012.0,14.827,14.636,11.557,11.291,-3385.139999999999
2009-09-17,PCLN,2009-09-17 00:00:00,2009-10-28 00:00:00,2009-10-28 00:00:00,90.0,165.895,168.15,171.98,170.51,212.39999999999867
2009-10-29,PCLN,2009-10-29 00:00:00,2009-12-10 00:00:00,2009-12-10 00:00:00,89.0,167.61,169.0,217.74,219.0,4450.0
2009-10-29,NFLX,2009-10-29 00:00:00,2009-12-10 00:00:00,2009-12-10 00:00:00,1938.0,7.739,7.67,7.994,7.951,544.5779999999994
2009-12-11,AMZN,2009-12-11 00:00:00,2010-01-26 00:00:00,2010-01-26 00:00:00,112.0,134.12,136.12,120.31,120.05,-1799.8400000000008
2009-12-11,PCLN,2009-12-11 00:00:00,2010-01-26 00:00:00,2010-01-26 00:00:00,68.0,220.565,221.65,202.84,202.41,-1308.3200000000006
2010-01-27,AMZN,2010-01-27 00:00:00,2010-03-10 00:00:00,2010-03-10 00:00:00,125.0,120.392,120.99,128.82,128.68,961.2500000000015
2010-01-27,PCLN,2010-01-27 00:00:00,2010-03-10 00:00:00,2010-03-10 00:00:00,74.0,203.725,203.66,238.33,238.15,2552.2600000000007
2010-03-11,DD,2010-03-11 00:00:00,2010-04-22 00:00:00,2010-04-22 00:00:00,473.0,31.717,31.457,32.947,32.567,525.0299999999997
2010-03-11,BAC,2010-03-11 00:00:00,2010-04-22 00:00:00,2010-04-22 00:00:00,967.0,15.509,15.568,16.566,16.34,746.5240000000002
2010-04-23,DD,2010-04-23 00:00:00,2010-06-04 00:00:00,2010-06-04 00:00:00,460.0,32.578,33.064,28.354,27.646,-2492.2799999999997
2010-04-23,PCLN,2010-04-23 00:00:00,2010-06-04 00:00:00,2010-06-04 00:00:00,59.0,254.392,259.29,185.11,180.36,-4656.870000000001
2010-06-07,AAPL,2010-06-07 00:00:00,2010-07-19 00:00:00,2010-07-19 00:00:00,467.0,32.134,32.211,31.158,31.136,-502.0249999999997
2010-06-07,NFLX,2010-06-07 00:00:00,2010-07-19 00:00:00,2010-07-19 00:00:00,950.0,15.783,15.686,16.913,16.824,1081.1000000000015
2010-07-20,CAT,2010-07-20 00:00:00,2010-08-30 00:00:00,2010-08-30 00:00:00,293.0,51.2,50.466,52.322,52.513,599.7709999999992
2010-07-20,NFLX,2010-07-20 00:00:00,2010-08-30 00:00:00,2010-08-30 00:00:00,890.0,16.855,16.736,18.014,17.893,1029.73
2010-08-31,PCLN,2010-08-31 00:00:00,2010-10-12 00:00:00,2010-10-12 00:00:00,51.0,293.568,288.0,332.35,332.63,2276.1299999999997
2010-08-31,NFLX,2010-08-31 00:00:00,2010-10-12 00:00:00,2010-10-12 00:00:00,846.0,17.736,17.409,21.956,21.96,3850.1460000000015
2010-10-13,PCLN,2010-10-13 00:00:00,2010-11-23 00:00:00,2010-11-23 00:00:00,45.0,333.828,343.99,420.42,414.8,3186.4500000000003
2010-10-13,NFLX,2010-10-13 00:00:00,2010-11-23 00:00:00,2010-11-23 00:00:00,681.0,22.016,22.586,26.903,26.604,2736.2580000000003
2010-11-24,PCLN,2010-11-24 00:00:00,2011-01-06 00:00:00,2011-01-06 00:00:00,36.0,411.19,413.99,433.6,433.96,718.9199999999989
2010-11-24,NFLX,2010-11-24 00:00:00,2011-01-06 00:00:00,2011-01-06 00:00:00,558.0,26.86,27.273,25.676,25.169,-1174.0319999999995
2011-01-07,PCLN,2011-01-07 00:00:00,2011-02-18 00:00:00,2011-02-18 00:00:00,34.0,435.727,439.32,458.04,455.87,562.7000000000004
2011-01-07,NFLX,2011-01-07 00:00:00,2011-02-18 00:00:00,2011-02-18 00:00:00,592.0,25.34,25.524,33.96,33.969,4999.4400000000005
2011-02-22,PCLN,2011-02-22 00:00:00,2011-04-04 00:00:00,2011-04-04 00:00:00,33.0,452.21,443.58,513.85,515.64,2377.98
2011-02-22,NFLX,2011-02-22 00:00:00,2011-04-04 00:00:00,2011-04-04 00:00:00,445.0,33.68,32.214,34.584,34.981,1231.3150000000014
2011-04-05,PCLN,2011-04-05 00:00:00,2011-05-17 00:00:00,2011-05-17 00:00:00,29.0,515.602,516.65,503.38,499.69,-491.8399999999994
2011-04-05,NFLX,2011-04-05 00:00:00,2011-05-17 00:00:00,2011-05-17 00:00:00,429.0,34.984,34.943,33.87,33.547,-598.8840000000004
2011-05-18,PCLN,2011-05-18 00:00:00,2011-06-29 00:00:00,2011-06-29 00:00:00,30.0,500.788,505.1,495.4,497.6,-225.0
2011-05-18,NFLX,2011-05-18 00:00:00,2011-06-29 00:00:00,2011-06-29 00:00:00,446.0,33.606,33.914,37.87,38.141,1885.2419999999986
2011-06-30,PCLN,2011-06-30 00:00:00,2011-08-11 00:00:00,2011-08-11 00:00:00,30.0,500.248,507.61,498.8,501.95,-169.80000000000075
2011-06-30,NFLX,2011-06-30 00:00:00,2011-08-11 00:00:00,2011-08-11 00:00:00,395.0,37.988,37.814,33.203,33.587,-1669.6649999999988
2011-08-12,PCLN,2011-08-12 00:00:00,2011-09-23 00:00:00,2011-09-23 00:00:00,30.0,498.875,505.72,505.57,503.0,-81.60000000000082
2011-08-12,NFLX,2011-08-12 00:00:00,2011-09-23 00:00:00,2011-09-23 00:00:00,439.0,34.198,35.286,18.361,18.293,-7459.927000000001
2011-09-26,MA,2011-09-26 00:00:00,2011-11-04 00:00:00,2011-11-04 00:00:00,470.0,31.882,32.5,35.075,34.907,1131.2899999999984
2011-09-26,AVGO,2011-09-26 00:00:00,2011-11-04 00:00:00,2011-11-04 00:00:00,514.0,29.209,29.67,29.257,28.801,-446.6660000000017
2011-11-07,MA,2011-11-07 00:00:00,2011-12-19 00:00:00,2011-12-19 00:00:00,432.0,34.756,34.634,34.653,34.702,29.375999999999067
2011-11-07,AVGO,2011-11-07 00:00:00,2011-12-19 00:00:00,2011-12-19 00:00:00,515.0,29.117,29.263,24.646,24.668,-2366.425000000001
2011-12-20,MA,2011-12-20 00:00:00,2012-02-02 00:00:00,2012-02-02 00:00:00,433.0,34.623,34.733,34.231,35.145,178.39600000000266
2011-12-20,V,2011-12-20 00:00:00,2012-02-02 00:00:00,2012-02-02 00:00:00,647.0,23.172,23.477,24.177,24.481,649.5880000000009
2012-02-03,MA,2012-02-03 00:00:00,2012-03-16 00:00:00,2012-03-16 00:00:00,418.0,35.899,36.571,40.158,40.075,1464.672000000002
2012-02-03,V,2012-02-03 00:00:00,2012-03-16 00:00:00,2012-03-16 00:00:00,605.0,24.798,25.187,27.644,27.712,1527.624999999999
2012-03-19,AAPL,2012-03-19 00:00:00,2012-04-30 00:00:00,2012-04-30 00:00:00,206.0,72.854,74.601,75.176,74.53,-14.625999999999578
2012-03-19,MA,2012-03-19 00:00:00,2012-04-30 00:00:00,2012-04-30 00:00:00,374.0,40.16,40.178,43.83,44.002,1430.176000000002
2012-05-01,AAPL,2012-05-01 00:00:00,2012-06-12 00:00:00,2012-06-12 00:00:00,204.0,73.657,72.922,71.209,71.62,-265.60799999999847
2012-05-01,MA,2012-05-01 00:00:00,2012-06-12 00:00:00,2012-06-12 00:00:00,344.0,43.662,43.662,39.639,39.655,-1378.4079999999992
2012-06-13,HD,2012-06-13 00:00:00,2012-07-25 00:00:00,2012-07-25 00:00:00,339.0,44.281,44.203,43.683,43.958,-83.05500000000154
2012-06-13,AAPL,2012-06-13 00:00:00,2012-07-25 00:00:00,2012-07-25 00:00:00,210.0,71.498,71.627,74.918,71.62,-1.4699999999980662
2012-07-26,AMGN,2012-07-26 00:00:00,2012-09-06 00:00:00,2012-09-06 00:00:00,229.0,65.483,66.518,71.107,71.479,1136.0689999999997
2012-07-26,AAPL,2012-07-26 00:00:00,2012-09-06 00:00:00,2012-09-06 00:00:00,209.0,71.695,72.281,83.919,84.286,2509.044999999999
2012-09-07,HD,2012-09-07 00:00:00,2012-10-18 00:00:00,2012-10-18 00:00:00,306.0,48.979,49.564,52.678,52.678,952.8839999999991
2012-09-07,AAPL,2012-09-07 00:00:00,2012-10-18 00:00:00,2012-10-18 00:00:00,178.0,84.468,84.896,80.709,80.081,-857.0699999999996
2012-10-19,HD,2012-10-19 00:00:00,2012-12-04 00:00:00,2012-12-04 00:00:00,284.0,52.867,52.994,56.009,56.017,858.532000000001
2012-10-19,GILD,2012-10-19 00:00:00,2012-12-04 00:00:00,2012-12-04 00:00:00,494.0,30.334,30.187,32.986,33.272,1523.9899999999986
2012-12-05,BAC,2012-12-05 00:00:00,2013-01-17 00:00:00,2013-01-17 00:00:00,1667.0,8.999,9.123,10.779,10.696,2622.1910000000007
2012-12-05,GILD,2012-12-05 00:00:00,2013-01-17 00:00:00,2013-01-17 00:00:00,453.0,33.089,33.205,34.116,34.214,457.07700000000017
2013-01-18,BAC,2013-01-18 00:00:00,2013-03-04 00:00:00,2013-03-04 00:00:00,1430.0,10.486,10.303,10.387,10.321,25.739999999998435
2013-01-18,GILD,2013-01-18 00:00:00,2013-03-04 00:00:00,2013-03-04 00:00:00,438.0,34.221,34.364,38.418,38.49,1807.1880000000021
2013-03-05,GILD,2013-03-05 00:00:00,2013-04-16 00:00:00,2013-04-16 00:00:00,389.0,38.565,39.215,44.811,45.334,2380.2909999999997
2013-03-05,NFLX,2013-03-05 00:00:00,2013-04-16 00:00:00,2013-04-16 00:00:00,570.0,26.308,26.381,25.214,25.0,-787.1700000000001
2013-04-17,GILD,2013-04-17 00:00:00,2013-05-29 00:00:00,2013-05-29 00:00:00,329.0,45.622,45.713,49.674,49.461,1233.0919999999992
2013-04-17,NFLX,2013-04-17 00:00:00,2013-05-29 00:00:00,2013-05-29 00:00:00,599.0,25.03,24.906,30.599,30.65,3440.656
2013-05-30,GILD,2013-05-30 00:00:00,2013-07-11 00:00:00,2013-07-11 00:00:00,305.0,49.207,49.294,48.923,49.542,75.64000000000142
2013-05-30,NFLX,2013-05-30 00:00:00,2013-07-11 00:00:00,2013-07-11 00:00:00,488.0,30.756,30.861,34.831,35.429,2229.1840000000007
2013-07-12,GILD,2013-07-12 00:00:00,2013-08-22 00:00:00,2013-08-22 00:00:00,304.0,49.409,49.517,51.893,51.947,738.7199999999999
2013-07-12,NFLX,2013-07-12 00:00:00,2013-08-22 00:00:00,2013-08-22 00:00:00,428.0,35.078,35.119,38.624,38.929,1630.680000000001
2013-08-23,GILD,2013-08-23 00:00:00,2013-10-04 00:00:00,2013-10-04 00:00:00,286.0,52.469,53.045,54.562,54.546,429.2859999999993
2013-08-23,NFLX,2013-08-23 00:00:00,2013-10-04 00:00:00,2013-10-04 00:00:00,387.0,38.713,38.579,45.96,46.24,2964.8070000000007
2013-10-07,NFLX,2013-10-07 00:00:00,2013-11-15 00:00:00,2013-11-15 00:00:00,324.0,46.349,46.291,48.939,49.229,951.9120000000007
2013-10-07,CELG,2013-10-07 00:00:00,2013-11-15 00:00:00,2013-11-15 00:00:00,193.0,77.622,77.625,75.0,74.95,-516.2749999999994
2013-11-18,NFLX,2013-11-18 00:00:00,2013-12-31 00:00:00,2013-12-31 00:00:00,303.0,49.547,50.0,52.427,52.214,670.8419999999996
2013-11-18,CELG,2013-11-18 00:00:00,2013-12-31 00:00:00,2013-12-31 00:00:00,200.0,75.069,75.745,84.49,84.39,1728.999999999999
2014-01-02,NFLX,2014-01-02 00:00:00,2014-02-13 00:00:00,2014-02-13 00:00:00,286.0,52.373,52.401,61.276,60.813,2405.832
2014-01-02,CELG,2014-01-02 00:00:00,2014-02-13 00:00:00,2014-02-13 00:00:00,178.0,84.456,84.505,80.27,80.0,-801.8899999999992
2014-02-14,GILD,2014-02-14 00:00:00,2014-03-28 00:00:00,2014-03-28 00:00:00,207.0,72.314,73.219,63.141,62.442,-2230.8389999999986
2014-02-14,NFLX,2014-02-14 00:00:00,2014-03-28 00:00:00,2014-03-28 00:00:00,243.0,61.669,62.437,52.026,51.46,-2667.410999999999
2014-03-31,NFLX,2014-03-31 00:00:00,2014-05-12 00:00:00,2014-05-12 00:00:00,291.0,51.566,51.644,46.936,47.266,-1273.998
2014-03-31,AVGO,2014-03-31 00:00:00,2014-05-12 00:00:00,2014-05-12 00:00:00,265.0,56.61,57.355,59.942,60.406,808.5150000000006
2014-05-13,LMT,2014-05-13 00:00:00,2014-06-24 00:00:00,2014-06-24 00:00:00,105.0,142.808,143.39,142.02,141.4,-208.94999999999797
2014-05-13,AVGO,2014-05-13 00:00:00,2014-06-24 00:00:00,2014-06-24 00:00:00,247.0,60.834,61.6,63.61,64.093,615.7710000000005
2014-06-25,NFLX,2014-06-25 00:00:00,2014-08-06 00:00:00,2014-08-06 00:00:00,239.0,62.852,62.143,60.407,60.09,-490.66699999999935
2014-06-25,FB,2014-06-25 00:00:00,2014-08-06 00:00:00,2014-08-06 00:00:00,228.0,65.88,65.61,72.69,72.03,1463.7600000000004
2014-08-07,AVGO,2014-08-07 00:00:00,2014-09-18 00:00:00,2014-09-18 00:00:00,239.0,62.701,63.297,78.627,79.022,3758.275000000002
2014-08-07,FB,2014-08-07 00:00:00,2014-09-18 00:00:00,2014-09-18 00:00:00,207.0,72.502,73.0,76.43,76.77,780.3899999999992
2014-09-19,AVGO,2014-09-19 00:00:00,2014-10-30 00:00:00,2014-10-30 00:00:00,188.0,79.592,80.77,76.065,75.132,-1059.9439999999984
2014-09-19,FB,2014-09-19 00:00:00,2014-10-30 00:00:00,2014-10-30 00:00:00,195.0,76.905,77.4,75.86,75.05,-458.25000000000165
2014-10-31,AVGO,2014-10-31 00:00:00,2014-12-12 00:00:00,2014-12-12 00:00:00,202.0,74.376,76.27,90.115,88.703,2511.4660000000013
2014-10-31,UNP,2014-10-31 00:00:00,2014-12-12 00:00:00,2014-12-12 00:00:00,146.0,102.712,103.96,102.6,101.97,-290.5399999999993
2014-12-15,INTC,2014-12-15 00:00:00,2015-01-28 00:00:00,2015-01-28 00:00:00,471.0,31.854,31.822,29.897,30.142,-791.2799999999999
2014-12-15,AVGO,2014-12-15 00:00:00,2015-01-28 00:00:00,2015-01-28 00:00:00,168.0,89.211,89.589,94.258,96.37,1139.208000000001
2015-01-29,AAPL,2015-01-29 00:00:00,2015-03-12 00:00:00,2015-03-12 00:00:00,140.0,107.45,107.2,113.09,113.16,834.3999999999992
2015-01-29,AVGO,2015-01-29 00:00:00,2015-03-12 00:00:00,2015-03-12 00:00:00,157.0,95.639,94.106,112.12,110.52,2576.998
2015-03-13,AAPL,2015-03-13 00:00:00,2015-04-24 00:00:00,2015-04-24 00:00:00,132.0,113.735,115.09,119.98,120.71,741.8399999999988
2015-03-13,AVGO,2015-03-13 00:00:00,2015-04-24 00:00:00,2015-04-24 00:00:00,134.0,111.702,113.07,111.9,111.58,-199.65999999999931
2015-04-27,AVGO,2015-04-27 00:00:00,2015-06-08 00:00:00,2015-06-08 00:00:00,138.0,108.867,108.25,129.72,129.53,2936.6400000000003
2015-04-27,CELG,2015-04-27 00:00:00,2015-06-08 00:00:00,2015-06-08 00:00:00,127.0,117.66,119.2,110.72,111.01,-1040.1299999999997
2015-06-09,LOW,2015-06-09 00:00:00,2015-07-21 00:00:00,2015-07-21 00:00:00,234.0,64.073,63.65,61.972,61.86,-418.8599999999998
2015-06-09,AVGO,2015-06-09 00:00:00,2015-07-21 00:00:00,2015-07-21 00:00:00,118.0,127.085,125.36,121.79,122.23,-369.33999999999946
2015-07-22,NFLX,2015-07-22 00:00:00,2015-09-01 00:00:00,2015-09-01 00:00:00,135.0,111.438,112.14,115.03,109.35,-376.65000000000083
2015-07-22,AVGO,2015-07-22 00:00:00,2015-09-01 00:00:00,2015-09-01 00:00:00,123.0,122.155,114.91,113.97,109.93,-612.5399999999987
2015-09-02,NFLX,2015-09-02 00:00:00,2015-10-14 00:00:00,2015-10-14 00:00:00,139.0,107.55,109.31,109.73,111.5,304.4099999999997
2015-09-02,AVGO,2015-09-02 00:00:00,2015-10-14 00:00:00,2015-10-14 00:00:00,137.0,109.465,110.5,102.92,102.55,-1089.1500000000003
2015-10-15,AMZN,2015-10-15 00:00:00,2015-11-25 00:00:00,2015-11-25 00:00:00,27.0,547.025,547.75,671.15,675.0,3435.75
2015-10-15,NFLX,2015-10-15 00:00:00,2015-11-25 00:00:00,2015-11-25 00:00:00,136.0,110.352,103.77,123.31,124.23,2782.5600000000013
2015-11-27,AMZN,2015-11-27 00:00:00,2016-01-11 00:00:00,2016-01-11 00:00:00,22.0,675.32,680.8,607.05,612.48,-1503.0399999999986
2015-11-27,NFLX,2015-11-27 00:00:00,2016-01-11 00:00:00,2016-01-11 00:00:00,121.0,123.988,123.85,111.39,112.13,-1418.12
2016-01-12,AMZN,2016-01-12 00:00:00,2016-02-24 00:00:00,2016-02-24 00:00:00,25.0,612.16,625.25,552.94,545.75,-1987.5
2016-01-12,NFLX,2016-01-12 00:00:00,2016-02-24 00:00:00,2016-02-24 00:00:00,132.0,113.772,116.11,89.12,88.5,-3644.52
2016-02-25,AMZN,2016-02-25 00:00:00,2016-04-07 00:00:00,2016-04-07 00:00:00,27.0,546.802,555.52,602.08,598.76,1167.4800000000002
2016-02-25,NVDA,2016-02-25 00:00:00,2016-04-07 00:00:00,2016-04-07 00:00:00,486.0,30.836,31.328,35.241,35.014,1791.3960000000018
2016-04-08,NVDA,2016-04-08 00:00:00,2016-05-19 00:00:00,2016-05-19 00:00:00,429.0,34.987,35.161,42.681,42.514,3154.437000000001
2016-04-08,NFLX,2016-04-08 00:00:00,2016-05-19 00:00:00,2016-05-19 00:00:00,143.0,104.699,105.12,90.49,90.16,-2139.280000000001
2016-05-20,AMZN,2016-05-20 00:00:00,2016-07-01 00:00:00,2016-07-01 00:00:00,22.0,694.84,701.05,715.62,717.32,357.9400000000021
2016-05-20,NVDA,2016-05-20 00:00:00,2016-07-01 00:00:00,2016-07-01 00:00:00,351.0,42.752,43.135,46.396,46.137,1053.702000000001
2016-07-05,AMZN,2016-07-05 00:00:00,2016-08-15 00:00:00,2016-08-15 00:00:00,21.0,721.87,722.8,772.56,771.9,1031.1000000000004
2016-07-05,NVDA,2016-07-05 00:00:00,2016-08-15 00:00:00,2016-08-15 00:00:00,325.0,46.204,45.794,62.216,62.284,5359.250000000001
2016-08-16,AMZN,2016-08-16 00:00:00,2016-09-27 00:00:00,2016-09-27 00:00:00,19.0,770.035,768.62,799.16,801.85,631.3700000000003
2016-08-16,NVDA,2016-08-16 00:00:00,2016-09-27 00:00:00,2016-09-27 00:00:00,242.0,62.106,62.067,63.614,63.368,314.84200000000044
2016-09-28,AMZN,2016-09-28 00:00:00,2016-11-08 00:00:00,2016-11-08 00:00:00,19.0,808.928,818.0,784.935,784.97,-627.5699999999995
2016-09-28,NVDA,2016-09-28 00:00:00,2016-11-08 00:00:00,2016-11-08 00:00:00,232.0,64.597,65.89,70.465,70.734,1123.8079999999986
2016-11-09,NVDA,2016-11-09 00:00:00,2016-12-21 00:00:00,2016-12-21 00:00:00,213.0,70.44,68.448,104.15,104.61,7702.506000000001
2016-11-09,AVGO,2016-11-09 00:00:00,2016-12-21 00:00:00,2016-12-21 00:00:00,92.0,162.465,157.56,168.27,169.8,1126.0800000000008
2016-12-22,CAT,2016-12-22 00:00:00,2017-02-06 00:00:00,2017-02-06 00:00:00,171.0,87.492,87.272,87.528,87.086,-31.806000000001205
2016-12-22,NVDA,2016-12-22 00:00:00,2017-02-06 00:00:00,2017-02-06 00:00:00,144.0,104.252,105.78,113.27,112.89,1023.8399999999999
2017-02-07,BAC,2017-02-07 00:00:00,2017-03-21 00:00:00,2017-03-21 00:00:00,681.0,22.029,22.123,23.297,23.355,838.9919999999995
2017-02-07,NVDA,2017-02-07 00:00:00,2017-03-21 00:00:00,2017-03-21 00:00:00,131.0,114.538,117.56,108.5,107.81,-1277.25
2017-03-22,BAC,2017-03-22 00:00:00,2017-05-03 00:00:00,2017-05-03 00:00:00,662.0,22.647,21.59,22.429,22.276,454.13199999999995
2017-03-22,NVDA,2017-03-22 00:00:00,2017-05-03 00:00:00,2017-05-03 00:00:00,141.0,106.622,104.57,102.6,102.32,-317.25
2017-05-04,NVDA,2017-05-04 00:00:00,2017-06-15 00:00:00,2017-06-15 00:00:00,146.0,102.792,103.62,150.59,145.86,6167.040000000001
2017-05-04,NFLX,2017-05-04 00:00:00,2017-06-15 00:00:00,2017-06-15 00:00:00,96.0,155.825,155.59,152.2,149.44,-590.4000000000005
2017-06-16,BAC,2017-06-16 00:00:00,2017-07-28 00:00:00,2017-07-28 00:00:00,664.0,22.596,22.532,23.058,22.999,310.08799999999917
2017-06-16,NVDA,2017-06-16 00:00:00,2017-07-28 00:00:00,2017-07-28 00:00:00,101.0,148.738,151.63,160.53,159.09,753.4600000000008
2017-07-31,NVDA,2017-07-31 00:00:00,2017-09-11 00:00:00,2017-09-11 00:00:00,93.0,161.122,163.71,162.61,164.45,68.8199999999982
2017-07-31,NFLX,2017-07-31 00:00:00,2017-09-11 00:00:00,2017-09-11 00:00:00,82.0,183.06,184.26,176.42,178.1,-505.1199999999997
2017-09-12,BA,2017-09-12 00:00:00,2017-10-23 00:00:00,2017-10-23 00:00:00,65.0,230.47,230.73,253.92,254.28,1530.7500000000007
2017-09-12,NVDA,2017-09-12 00:00:00,2017-10-23 00:00:00,2017-10-23 00:00:00,90.0,166.225,168.88,195.6,196.48,2483.9999999999995
2017-10-24,BA,2017-10-24 00:00:00,2017-12-05 00:00:00,2017-12-05 00:00:00,59.0,253.09,252.46,268.02,269.03,977.629999999998
2017-10-24,NVDA,2017-10-24 00:00:00,2017-12-05 00:00:00,2017-12-05 00:00:00,77.0,195.957,195.69,185.55,181.32,-1106.4900000000002
2017-12-06,BA,2017-12-06 00:00:00,2017-12-22 00:00:00,2017-12-22 00:00:00,56.0,267.295,265.03,284.46,285.72,1158.640000000003
2017-12-06,NVDA,2017-12-06 00:00:00,2017-12-22 00:00:00,2017-12-22 00:00:00,81.0,184.75,184.6,194.73,193.25,700.6500000000004
